system,basin,init,lead_days,member,basin_mm,truth_mm
HRES,alzette_2021,2021-07-07 00:00:00,7.25,0,0.93,74.5
HRES,ahr_2021,2021-07-07 00:00:00,7.25,0,0.13,75.4
HRES,vesdre_2021,2021-07-07 00:00:00,6.75,0,0.21,107.6
HRES,alzette_2021,2021-07-07 12:00:00,6.75,0,1.91,74.5
HRES,ahr_2021,2021-07-07 12:00:00,6.75,0,4.17,75.4
HRES,vesdre_2021,2021-07-07 12:00:00,6.25,0,4.51,107.6
HRES,alzette_2021,2021-07-08 00:00:00,6.25,0,3.52,74.5
HRES,ahr_2021,2021-07-08 00:00:00,6.25,0,0.63,75.4
HRES,vesdre_2021,2021-07-08 00:00:00,5.75,0,0.84,107.6
HRES,alzette_2021,2021-07-08 12:00:00,5.75,0,1.33,74.5
HRES,ahr_2021,2021-07-08 12:00:00,5.75,0,1.1,75.4
HRES,vesdre_2021,2021-07-08 12:00:00,5.25,0,3.6,107.6
HRES,alzette_2021,2021-07-09 00:00:00,5.25,0,2.81,74.5
HRES,ahr_2021,2021-07-09 00:00:00,5.25,0,1.41,75.4
HRES,vesdre_2021,2021-07-09 00:00:00,4.75,0,2.31,107.6
HRES,alzette_2021,2021-07-09 12:00:00,4.75,0,3.98,74.5
HRES,ahr_2021,2021-07-09 12:00:00,4.75,0,1.69,75.4
HRES,vesdre_2021,2021-07-09 12:00:00,4.25,0,27.12,107.6
HRES,alzette_2021,2021-07-10 00:00:00,4.25,0,18.03,74.5
HRES,ahr_2021,2021-07-10 00:00:00,4.25,0,19.34,75.4
HRES,vesdre_2021,2021-07-10 00:00:00,3.75,0,53.34,107.6
HRES,alzette_2021,2021-07-10 12:00:00,3.75,0,36.06,74.5
HRES,ahr_2021,2021-07-10 12:00:00,3.75,0,46.32,75.4
HRES,vesdre_2021,2021-07-10 12:00:00,3.25,0,26.09,107.6
HRES,alzette_2021,2021-07-11 00:00:00,3.25,0,33.03,74.5
HRES,ahr_2021,2021-07-11 00:00:00,3.25,0,24.5,75.4
HRES,vesdre_2021,2021-07-11 00:00:00,2.75,0,55.33,107.6
HRES,alzette_2021,2021-07-11 12:00:00,2.75,0,62.41,74.5
HRES,ahr_2021,2021-07-11 12:00:00,2.75,0,56.46,75.4
HRES,vesdre_2021,2021-07-11 12:00:00,2.25,0,38.57,107.6
HRES,alzette_2021,2021-07-12 00:00:00,2.25,0,46.08,74.5
HRES,ahr_2021,2021-07-12 00:00:00,2.25,0,113.21,75.4
HRES,vesdre_2021,2021-07-12 00:00:00,1.75,0,57.45,107.6
HRES,alzette_2021,2021-07-12 12:00:00,1.75,0,31.54,74.5
HRES,ahr_2021,2021-07-12 12:00:00,1.75,0,60.63,75.4
HRES,vesdre_2021,2021-07-12 12:00:00,1.25,0,78.42,107.6
HRES,alzette_2021,2021-07-13 00:00:00,1.25,0,40.79,74.5
HRES,ahr_2021,2021-07-13 00:00:00,1.25,0,54.3,75.4
HRES,vesdre_2021,2021-07-13 00:00:00,0.75,0,63.67,107.6
HRES,alzette_2021,2021-07-13 12:00:00,0.75,0,33.48,74.5
HRES,ahr_2021,2021-07-13 12:00:00,0.75,0,49.84,75.4
HRES,vesdre_2021,2021-07-13 12:00:00,0.25,0,79.67,107.6
ENS-control,alzette_2021,2021-07-07 00:00:00,7.25,0,0.7,74.5
ENS-control,ahr_2021,2021-07-07 00:00:00,7.25,0,0.15,75.4
ENS-control,vesdre_2021,2021-07-07 00:00:00,6.75,0,0.09,107.6
ENS-control,alzette_2021,2021-07-07 12:00:00,6.75,0,12.65,74.5
ENS-control,ahr_2021,2021-07-07 12:00:00,6.75,0,7.65,75.4
ENS-control,vesdre_2021,2021-07-07 12:00:00,6.25,0,17.26,107.6
ENS-control,alzette_2021,2021-07-08 00:00:00,6.25,0,5.62,74.5
ENS-control,ahr_2021,2021-07-08 00:00:00,6.25,0,1.44,75.4
ENS-control,vesdre_2021,2021-07-08 00:00:00,5.75,0,3.25,107.6
ENS-control,alzette_2021,2021-07-08 12:00:00,5.75,0,3.9,74.5
ENS-control,ahr_2021,2021-07-08 12:00:00,5.75,0,2.67,75.4
ENS-control,vesdre_2021,2021-07-08 12:00:00,5.25,0,1.66,107.6
ENS-control,alzette_2021,2021-07-09 00:00:00,5.25,0,13.5,74.5
ENS-control,ahr_2021,2021-07-09 00:00:00,5.25,0,3.58,75.4
ENS-control,vesdre_2021,2021-07-09 00:00:00,4.75,0,6.45,107.6
ENS-control,alzette_2021,2021-07-09 12:00:00,4.75,0,5.7,74.5
ENS-control,ahr_2021,2021-07-09 12:00:00,4.75,0,4.73,75.4
ENS-control,vesdre_2021,2021-07-09 12:00:00,4.25,0,17.69,107.6
ENS-control,alzette_2021,2021-07-10 00:00:00,4.25,0,10.37,74.5
ENS-control,ahr_2021,2021-07-10 00:00:00,4.25,0,13.49,75.4
ENS-control,vesdre_2021,2021-07-10 00:00:00,3.75,0,20.19,107.6
ENS-control,alzette_2021,2021-07-10 12:00:00,3.75,0,21.24,74.5
ENS-control,ahr_2021,2021-07-10 12:00:00,3.75,0,35.11,75.4
ENS-control,vesdre_2021,2021-07-10 12:00:00,3.25,0,25.02,107.6
ENS-control,alzette_2021,2021-07-11 00:00:00,3.25,0,12.31,74.5
ENS-control,ahr_2021,2021-07-11 00:00:00,3.25,0,42.89,75.4
ENS-control,vesdre_2021,2021-07-11 00:00:00,2.75,0,24.93,107.6
ENS-control,alzette_2021,2021-07-11 12:00:00,2.75,0,39.63,74.5
ENS-control,ahr_2021,2021-07-11 12:00:00,2.75,0,46.56,75.4
ENS-control,vesdre_2021,2021-07-11 12:00:00,2.25,0,39.83,107.6
ENS-control,alzette_2021,2021-07-12 00:00:00,2.25,0,47.45,74.5
ENS-control,ahr_2021,2021-07-12 00:00:00,2.25,0,67.96,75.4
ENS-control,vesdre_2021,2021-07-12 00:00:00,1.75,0,46.07,107.6
ENS-control,alzette_2021,2021-07-12 12:00:00,1.75,0,34.34,74.5
ENS-control,ahr_2021,2021-07-12 12:00:00,1.75,0,67.11,75.4
ENS-control,vesdre_2021,2021-07-12 12:00:00,1.25,0,50.15,107.6
ENS-control,alzette_2021,2021-07-13 00:00:00,1.25,0,37.53,74.5
ENS-control,ahr_2021,2021-07-13 00:00:00,1.25,0,76.7,75.4
ENS-control,vesdre_2021,2021-07-13 00:00:00,0.75,0,54.43,107.6
ENS-control,alzette_2021,2021-07-13 12:00:00,0.75,0,38.12,74.5
ENS-control,ahr_2021,2021-07-13 12:00:00,0.75,0,61.35,75.4
ENS-control,vesdre_2021,2021-07-13 12:00:00,0.25,0,78.73,107.6
ENS,alzette_2021,2021-07-07 00:00:00,7.25,1,0.16,74.5
ENS,alzette_2021,2021-07-07 00:00:00,7.25,2,0.25,74.5
ENS,alzette_2021,2021-07-07 00:00:00,7.25,3,-0.0,74.5
ENS,alzette_2021,2021-07-07 00:00:00,7.25,4,1.34,74.5
ENS,alzette_2021,2021-07-07 00:00:00,7.25,5,8.85,74.5
ENS,alzette_2021,2021-07-07 00:00:00,7.25,6,1.52,74.5
ENS,alzette_2021,2021-07-07 00:00:00,7.25,7,1.86,74.5
ENS,alzette_2021,2021-07-07 00:00:00,7.25,8,0.44,74.5
ENS,alzette_2021,2021-07-07 00:00:00,7.25,9,1.26,74.5
ENS,alzette_2021,2021-07-07 00:00:00,7.25,10,34.79,74.5
ENS,alzette_2021,2021-07-07 00:00:00,7.25,11,2.14,74.5
ENS,alzette_2021,2021-07-07 00:00:00,7.25,12,2.35,74.5
ENS,alzette_2021,2021-07-07 00:00:00,7.25,13,6.8,74.5
ENS,alzette_2021,2021-07-07 00:00:00,7.25,14,4.1,74.5
ENS,alzette_2021,2021-07-07 00:00:00,7.25,15,0.21,74.5
ENS,alzette_2021,2021-07-07 00:00:00,7.25,16,39.87,74.5
ENS,alzette_2021,2021-07-07 00:00:00,7.25,17,1.69,74.5
ENS,alzette_2021,2021-07-07 00:00:00,7.25,18,5.09,74.5
ENS,alzette_2021,2021-07-07 00:00:00,7.25,19,0.01,74.5
ENS,alzette_2021,2021-07-07 00:00:00,7.25,20,1.22,74.5
ENS,alzette_2021,2021-07-07 00:00:00,7.25,21,3.95,74.5
ENS,alzette_2021,2021-07-07 00:00:00,7.25,22,0.29,74.5
ENS,alzette_2021,2021-07-07 00:00:00,7.25,23,0.58,74.5
ENS,alzette_2021,2021-07-07 00:00:00,7.25,24,14.11,74.5
ENS,alzette_2021,2021-07-07 00:00:00,7.25,25,0.23,74.5
ENS,alzette_2021,2021-07-07 00:00:00,7.25,26,0.15,74.5
ENS,alzette_2021,2021-07-07 00:00:00,7.25,27,34.33,74.5
ENS,alzette_2021,2021-07-07 00:00:00,7.25,28,12.77,74.5
ENS,alzette_2021,2021-07-07 00:00:00,7.25,29,2.55,74.5
ENS,alzette_2021,2021-07-07 00:00:00,7.25,30,19.63,74.5
ENS,alzette_2021,2021-07-07 00:00:00,7.25,31,47.65,74.5
ENS,alzette_2021,2021-07-07 00:00:00,7.25,32,1.88,74.5
ENS,alzette_2021,2021-07-07 00:00:00,7.25,33,0.12,74.5
ENS,alzette_2021,2021-07-07 00:00:00,7.25,34,1.24,74.5
ENS,alzette_2021,2021-07-07 00:00:00,7.25,35,6.6,74.5
ENS,alzette_2021,2021-07-07 00:00:00,7.25,36,2.43,74.5
ENS,alzette_2021,2021-07-07 00:00:00,7.25,37,1.07,74.5
ENS,alzette_2021,2021-07-07 00:00:00,7.25,38,0.46,74.5
ENS,alzette_2021,2021-07-07 00:00:00,7.25,39,0.78,74.5
ENS,alzette_2021,2021-07-07 00:00:00,7.25,40,1.23,74.5
ENS,alzette_2021,2021-07-07 00:00:00,7.25,41,1.75,74.5
ENS,alzette_2021,2021-07-07 00:00:00,7.25,42,0.75,74.5
ENS,alzette_2021,2021-07-07 00:00:00,7.25,43,4.84,74.5
ENS,alzette_2021,2021-07-07 00:00:00,7.25,44,8.95,74.5
ENS,alzette_2021,2021-07-07 00:00:00,7.25,45,5.93,74.5
ENS,alzette_2021,2021-07-07 00:00:00,7.25,46,7.41,74.5
ENS,alzette_2021,2021-07-07 00:00:00,7.25,47,8.19,74.5
ENS,alzette_2021,2021-07-07 00:00:00,7.25,48,2.09,74.5
ENS,alzette_2021,2021-07-07 00:00:00,7.25,49,37.26,74.5
ENS,alzette_2021,2021-07-07 00:00:00,7.25,50,4.84,74.5
ENS,ahr_2021,2021-07-07 00:00:00,7.25,1,1.63,75.4
ENS,ahr_2021,2021-07-07 00:00:00,7.25,2,0.29,75.4
ENS,ahr_2021,2021-07-07 00:00:00,7.25,3,0.83,75.4
ENS,ahr_2021,2021-07-07 00:00:00,7.25,4,1.67,75.4
ENS,ahr_2021,2021-07-07 00:00:00,7.25,5,5.42,75.4
ENS,ahr_2021,2021-07-07 00:00:00,7.25,6,1.83,75.4
ENS,ahr_2021,2021-07-07 00:00:00,7.25,7,2.2,75.4
ENS,ahr_2021,2021-07-07 00:00:00,7.25,8,1.15,75.4
ENS,ahr_2021,2021-07-07 00:00:00,7.25,9,1.82,75.4
ENS,ahr_2021,2021-07-07 00:00:00,7.25,10,40.29,75.4
ENS,ahr_2021,2021-07-07 00:00:00,7.25,11,1.54,75.4
ENS,ahr_2021,2021-07-07 00:00:00,7.25,12,2.28,75.4
ENS,ahr_2021,2021-07-07 00:00:00,7.25,13,29.62,75.4
ENS,ahr_2021,2021-07-07 00:00:00,7.25,14,8.07,75.4
ENS,ahr_2021,2021-07-07 00:00:00,7.25,15,0.45,75.4
ENS,ahr_2021,2021-07-07 00:00:00,7.25,16,42.38,75.4
ENS,ahr_2021,2021-07-07 00:00:00,7.25,17,4.41,75.4
ENS,ahr_2021,2021-07-07 00:00:00,7.25,18,3.43,75.4
ENS,ahr_2021,2021-07-07 00:00:00,7.25,19,0.01,75.4
ENS,ahr_2021,2021-07-07 00:00:00,7.25,20,3.24,75.4
ENS,ahr_2021,2021-07-07 00:00:00,7.25,21,5.34,75.4
ENS,ahr_2021,2021-07-07 00:00:00,7.25,22,1.67,75.4
ENS,ahr_2021,2021-07-07 00:00:00,7.25,23,2.61,75.4
ENS,ahr_2021,2021-07-07 00:00:00,7.25,24,9.68,75.4
ENS,ahr_2021,2021-07-07 00:00:00,7.25,25,0.94,75.4
ENS,ahr_2021,2021-07-07 00:00:00,7.25,26,0.08,75.4
ENS,ahr_2021,2021-07-07 00:00:00,7.25,27,52.24,75.4
ENS,ahr_2021,2021-07-07 00:00:00,7.25,28,12.67,75.4
ENS,ahr_2021,2021-07-07 00:00:00,7.25,29,2.59,75.4
ENS,ahr_2021,2021-07-07 00:00:00,7.25,30,9.97,75.4
ENS,ahr_2021,2021-07-07 00:00:00,7.25,31,7.28,75.4
ENS,ahr_2021,2021-07-07 00:00:00,7.25,32,0.65,75.4
ENS,ahr_2021,2021-07-07 00:00:00,7.25,33,0.7,75.4
ENS,ahr_2021,2021-07-07 00:00:00,7.25,34,11.49,75.4
ENS,ahr_2021,2021-07-07 00:00:00,7.25,35,2.05,75.4
ENS,ahr_2021,2021-07-07 00:00:00,7.25,36,0.67,75.4
ENS,ahr_2021,2021-07-07 00:00:00,7.25,37,1.75,75.4
ENS,ahr_2021,2021-07-07 00:00:00,7.25,38,1.66,75.4
ENS,ahr_2021,2021-07-07 00:00:00,7.25,39,0.19,75.4
ENS,ahr_2021,2021-07-07 00:00:00,7.25,40,5.25,75.4
ENS,ahr_2021,2021-07-07 00:00:00,7.25,41,0.29,75.4
ENS,ahr_2021,2021-07-07 00:00:00,7.25,42,0.56,75.4
ENS,ahr_2021,2021-07-07 00:00:00,7.25,43,5.73,75.4
ENS,ahr_2021,2021-07-07 00:00:00,7.25,44,4.85,75.4
ENS,ahr_2021,2021-07-07 00:00:00,7.25,45,5.28,75.4
ENS,ahr_2021,2021-07-07 00:00:00,7.25,46,15.73,75.4
ENS,ahr_2021,2021-07-07 00:00:00,7.25,47,2.52,75.4
ENS,ahr_2021,2021-07-07 00:00:00,7.25,48,2.96,75.4
ENS,ahr_2021,2021-07-07 00:00:00,7.25,49,34.52,75.4
ENS,ahr_2021,2021-07-07 00:00:00,7.25,50,5.95,75.4
ENS,vesdre_2021,2021-07-07 00:00:00,6.75,1,1.68,107.6
ENS,vesdre_2021,2021-07-07 00:00:00,6.75,2,14.26,107.6
ENS,vesdre_2021,2021-07-07 00:00:00,6.75,3,0.2,107.6
ENS,vesdre_2021,2021-07-07 00:00:00,6.75,4,4.25,107.6
ENS,vesdre_2021,2021-07-07 00:00:00,6.75,5,3.93,107.6
ENS,vesdre_2021,2021-07-07 00:00:00,6.75,6,6.27,107.6
ENS,vesdre_2021,2021-07-07 00:00:00,6.75,7,4.15,107.6
ENS,vesdre_2021,2021-07-07 00:00:00,6.75,8,4.54,107.6
ENS,vesdre_2021,2021-07-07 00:00:00,6.75,9,2.79,107.6
ENS,vesdre_2021,2021-07-07 00:00:00,6.75,10,39.43,107.6
ENS,vesdre_2021,2021-07-07 00:00:00,6.75,11,2.21,107.6
ENS,vesdre_2021,2021-07-07 00:00:00,6.75,12,2.65,107.6
ENS,vesdre_2021,2021-07-07 00:00:00,6.75,13,10.99,107.6
ENS,vesdre_2021,2021-07-07 00:00:00,6.75,14,29.33,107.6
ENS,vesdre_2021,2021-07-07 00:00:00,6.75,15,0.62,107.6
ENS,vesdre_2021,2021-07-07 00:00:00,6.75,16,48.65,107.6
ENS,vesdre_2021,2021-07-07 00:00:00,6.75,17,8.8,107.6
ENS,vesdre_2021,2021-07-07 00:00:00,6.75,18,4.67,107.6
ENS,vesdre_2021,2021-07-07 00:00:00,6.75,19,0.17,107.6
ENS,vesdre_2021,2021-07-07 00:00:00,6.75,20,7.42,107.6
ENS,vesdre_2021,2021-07-07 00:00:00,6.75,21,20.8,107.6
ENS,vesdre_2021,2021-07-07 00:00:00,6.75,22,5.81,107.6
ENS,vesdre_2021,2021-07-07 00:00:00,6.75,23,4.53,107.6
ENS,vesdre_2021,2021-07-07 00:00:00,6.75,24,7.59,107.6
ENS,vesdre_2021,2021-07-07 00:00:00,6.75,25,2.21,107.6
ENS,vesdre_2021,2021-07-07 00:00:00,6.75,26,1.1,107.6
ENS,vesdre_2021,2021-07-07 00:00:00,6.75,27,37.2,107.6
ENS,vesdre_2021,2021-07-07 00:00:00,6.75,28,23.65,107.6
ENS,vesdre_2021,2021-07-07 00:00:00,6.75,29,8.39,107.6
ENS,vesdre_2021,2021-07-07 00:00:00,6.75,30,20.07,107.6
ENS,vesdre_2021,2021-07-07 00:00:00,6.75,31,64.11,107.6
ENS,vesdre_2021,2021-07-07 00:00:00,6.75,32,5.38,107.6
ENS,vesdre_2021,2021-07-07 00:00:00,6.75,33,1.98,107.6
ENS,vesdre_2021,2021-07-07 00:00:00,6.75,34,12.89,107.6
ENS,vesdre_2021,2021-07-07 00:00:00,6.75,35,7.24,107.6
ENS,vesdre_2021,2021-07-07 00:00:00,6.75,36,0.89,107.6
ENS,vesdre_2021,2021-07-07 00:00:00,6.75,37,9.91,107.6
ENS,vesdre_2021,2021-07-07 00:00:00,6.75,38,2.95,107.6
ENS,vesdre_2021,2021-07-07 00:00:00,6.75,39,2.75,107.6
ENS,vesdre_2021,2021-07-07 00:00:00,6.75,40,10.02,107.6
ENS,vesdre_2021,2021-07-07 00:00:00,6.75,41,2.07,107.6
ENS,vesdre_2021,2021-07-07 00:00:00,6.75,42,5.22,107.6
ENS,vesdre_2021,2021-07-07 00:00:00,6.75,43,11.53,107.6
ENS,vesdre_2021,2021-07-07 00:00:00,6.75,44,12.02,107.6
ENS,vesdre_2021,2021-07-07 00:00:00,6.75,45,11.71,107.6
ENS,vesdre_2021,2021-07-07 00:00:00,6.75,46,9.84,107.6
ENS,vesdre_2021,2021-07-07 00:00:00,6.75,47,15.51,107.6
ENS,vesdre_2021,2021-07-07 00:00:00,6.75,48,2.82,107.6
ENS,vesdre_2021,2021-07-07 00:00:00,6.75,49,45.27,107.6
ENS,vesdre_2021,2021-07-07 00:00:00,6.75,50,13.18,107.6
ENS,alzette_2021,2021-07-07 12:00:00,6.75,1,1.76,74.5
ENS,alzette_2021,2021-07-07 12:00:00,6.75,2,4.77,74.5
ENS,alzette_2021,2021-07-07 12:00:00,6.75,3,1.52,74.5
ENS,alzette_2021,2021-07-07 12:00:00,6.75,4,1.18,74.5
ENS,alzette_2021,2021-07-07 12:00:00,6.75,5,2.44,74.5
ENS,alzette_2021,2021-07-07 12:00:00,6.75,6,2.94,74.5
ENS,alzette_2021,2021-07-07 12:00:00,6.75,7,4.78,74.5
ENS,alzette_2021,2021-07-07 12:00:00,6.75,8,1.23,74.5
ENS,alzette_2021,2021-07-07 12:00:00,6.75,9,2.08,74.5
ENS,alzette_2021,2021-07-07 12:00:00,6.75,10,0.56,74.5
ENS,alzette_2021,2021-07-07 12:00:00,6.75,11,5.64,74.5
ENS,alzette_2021,2021-07-07 12:00:00,6.75,12,0.71,74.5
ENS,alzette_2021,2021-07-07 12:00:00,6.75,13,1.84,74.5
ENS,alzette_2021,2021-07-07 12:00:00,6.75,14,15.8,74.5
ENS,alzette_2021,2021-07-07 12:00:00,6.75,15,8.08,74.5
ENS,alzette_2021,2021-07-07 12:00:00,6.75,16,0.0,74.5
ENS,alzette_2021,2021-07-07 12:00:00,6.75,17,0.29,74.5
ENS,alzette_2021,2021-07-07 12:00:00,6.75,18,1.27,74.5
ENS,alzette_2021,2021-07-07 12:00:00,6.75,19,0.18,74.5
ENS,alzette_2021,2021-07-07 12:00:00,6.75,20,0.5,74.5
ENS,alzette_2021,2021-07-07 12:00:00,6.75,21,3.42,74.5
ENS,alzette_2021,2021-07-07 12:00:00,6.75,22,0.67,74.5
ENS,alzette_2021,2021-07-07 12:00:00,6.75,23,11.68,74.5
ENS,alzette_2021,2021-07-07 12:00:00,6.75,24,0.82,74.5
ENS,alzette_2021,2021-07-07 12:00:00,6.75,25,0.49,74.5
ENS,alzette_2021,2021-07-07 12:00:00,6.75,26,0.03,74.5
ENS,alzette_2021,2021-07-07 12:00:00,6.75,27,1.03,74.5
ENS,alzette_2021,2021-07-07 12:00:00,6.75,28,1.87,74.5
ENS,alzette_2021,2021-07-07 12:00:00,6.75,29,0.38,74.5
ENS,alzette_2021,2021-07-07 12:00:00,6.75,30,0.08,74.5
ENS,alzette_2021,2021-07-07 12:00:00,6.75,31,4.38,74.5
ENS,alzette_2021,2021-07-07 12:00:00,6.75,32,1.44,74.5
ENS,alzette_2021,2021-07-07 12:00:00,6.75,33,0.16,74.5
ENS,alzette_2021,2021-07-07 12:00:00,6.75,34,2.11,74.5
ENS,alzette_2021,2021-07-07 12:00:00,6.75,35,1.48,74.5
ENS,alzette_2021,2021-07-07 12:00:00,6.75,36,5.1,74.5
ENS,alzette_2021,2021-07-07 12:00:00,6.75,37,0.46,74.5
ENS,alzette_2021,2021-07-07 12:00:00,6.75,38,1.19,74.5
ENS,alzette_2021,2021-07-07 12:00:00,6.75,39,43.11,74.5
ENS,alzette_2021,2021-07-07 12:00:00,6.75,40,1.23,74.5
ENS,alzette_2021,2021-07-07 12:00:00,6.75,41,0.72,74.5
ENS,alzette_2021,2021-07-07 12:00:00,6.75,42,0.71,74.5
ENS,alzette_2021,2021-07-07 12:00:00,6.75,43,9.44,74.5
ENS,alzette_2021,2021-07-07 12:00:00,6.75,44,1.2,74.5
ENS,alzette_2021,2021-07-07 12:00:00,6.75,45,0.2,74.5
ENS,alzette_2021,2021-07-07 12:00:00,6.75,46,0.91,74.5
ENS,alzette_2021,2021-07-07 12:00:00,6.75,47,2.7,74.5
ENS,alzette_2021,2021-07-07 12:00:00,6.75,48,6.46,74.5
ENS,alzette_2021,2021-07-07 12:00:00,6.75,49,1.58,74.5
ENS,alzette_2021,2021-07-07 12:00:00,6.75,50,3.96,74.5
ENS,ahr_2021,2021-07-07 12:00:00,6.75,1,0.97,75.4
ENS,ahr_2021,2021-07-07 12:00:00,6.75,2,2.21,75.4
ENS,ahr_2021,2021-07-07 12:00:00,6.75,3,1.6,75.4
ENS,ahr_2021,2021-07-07 12:00:00,6.75,4,1.61,75.4
ENS,ahr_2021,2021-07-07 12:00:00,6.75,5,1.17,75.4
ENS,ahr_2021,2021-07-07 12:00:00,6.75,6,1.7,75.4
ENS,ahr_2021,2021-07-07 12:00:00,6.75,7,3.61,75.4
ENS,ahr_2021,2021-07-07 12:00:00,6.75,8,0.12,75.4
ENS,ahr_2021,2021-07-07 12:00:00,6.75,9,1.54,75.4
ENS,ahr_2021,2021-07-07 12:00:00,6.75,10,0.96,75.4
ENS,ahr_2021,2021-07-07 12:00:00,6.75,11,6.44,75.4
ENS,ahr_2021,2021-07-07 12:00:00,6.75,12,0.67,75.4
ENS,ahr_2021,2021-07-07 12:00:00,6.75,13,0.36,75.4
ENS,ahr_2021,2021-07-07 12:00:00,6.75,14,7.11,75.4
ENS,ahr_2021,2021-07-07 12:00:00,6.75,15,3.48,75.4
ENS,ahr_2021,2021-07-07 12:00:00,6.75,16,0.02,75.4
ENS,ahr_2021,2021-07-07 12:00:00,6.75,17,0.07,75.4
ENS,ahr_2021,2021-07-07 12:00:00,6.75,18,1.13,75.4
ENS,ahr_2021,2021-07-07 12:00:00,6.75,19,2.39,75.4
ENS,ahr_2021,2021-07-07 12:00:00,6.75,20,0.44,75.4
ENS,ahr_2021,2021-07-07 12:00:00,6.75,21,7.26,75.4
ENS,ahr_2021,2021-07-07 12:00:00,6.75,22,1.28,75.4
ENS,ahr_2021,2021-07-07 12:00:00,6.75,23,7.47,75.4
ENS,ahr_2021,2021-07-07 12:00:00,6.75,24,3.11,75.4
ENS,ahr_2021,2021-07-07 12:00:00,6.75,25,0.96,75.4
ENS,ahr_2021,2021-07-07 12:00:00,6.75,26,0.0,75.4
ENS,ahr_2021,2021-07-07 12:00:00,6.75,27,0.34,75.4
ENS,ahr_2021,2021-07-07 12:00:00,6.75,28,0.18,75.4
ENS,ahr_2021,2021-07-07 12:00:00,6.75,29,0.19,75.4
ENS,ahr_2021,2021-07-07 12:00:00,6.75,30,0.01,75.4
ENS,ahr_2021,2021-07-07 12:00:00,6.75,31,0.53,75.4
ENS,ahr_2021,2021-07-07 12:00:00,6.75,32,2.83,75.4
ENS,ahr_2021,2021-07-07 12:00:00,6.75,33,0.19,75.4
ENS,ahr_2021,2021-07-07 12:00:00,6.75,34,0.75,75.4
ENS,ahr_2021,2021-07-07 12:00:00,6.75,35,1.3,75.4
ENS,ahr_2021,2021-07-07 12:00:00,6.75,36,8.86,75.4
ENS,ahr_2021,2021-07-07 12:00:00,6.75,37,0.7,75.4
ENS,ahr_2021,2021-07-07 12:00:00,6.75,38,1.93,75.4
ENS,ahr_2021,2021-07-07 12:00:00,6.75,39,32.72,75.4
ENS,ahr_2021,2021-07-07 12:00:00,6.75,40,1.26,75.4
ENS,ahr_2021,2021-07-07 12:00:00,6.75,41,0.36,75.4
ENS,ahr_2021,2021-07-07 12:00:00,6.75,42,1.44,75.4
ENS,ahr_2021,2021-07-07 12:00:00,6.75,43,20.16,75.4
ENS,ahr_2021,2021-07-07 12:00:00,6.75,44,0.72,75.4
ENS,ahr_2021,2021-07-07 12:00:00,6.75,45,0.29,75.4
ENS,ahr_2021,2021-07-07 12:00:00,6.75,46,0.31,75.4
ENS,ahr_2021,2021-07-07 12:00:00,6.75,47,1.46,75.4
ENS,ahr_2021,2021-07-07 12:00:00,6.75,48,4.38,75.4
ENS,ahr_2021,2021-07-07 12:00:00,6.75,49,1.33,75.4
ENS,ahr_2021,2021-07-07 12:00:00,6.75,50,1.79,75.4
ENS,vesdre_2021,2021-07-07 12:00:00,6.25,1,3.18,107.6
ENS,vesdre_2021,2021-07-07 12:00:00,6.25,2,3.02,107.6
ENS,vesdre_2021,2021-07-07 12:00:00,6.25,3,2.86,107.6
ENS,vesdre_2021,2021-07-07 12:00:00,6.25,4,1.47,107.6
ENS,vesdre_2021,2021-07-07 12:00:00,6.25,5,2.8,107.6
ENS,vesdre_2021,2021-07-07 12:00:00,6.25,6,4.45,107.6
ENS,vesdre_2021,2021-07-07 12:00:00,6.25,7,7.14,107.6
ENS,vesdre_2021,2021-07-07 12:00:00,6.25,8,6.57,107.6
ENS,vesdre_2021,2021-07-07 12:00:00,6.25,9,2.94,107.6
ENS,vesdre_2021,2021-07-07 12:00:00,6.25,10,1.44,107.6
ENS,vesdre_2021,2021-07-07 12:00:00,6.25,11,5.43,107.6
ENS,vesdre_2021,2021-07-07 12:00:00,6.25,12,1.32,107.6
ENS,vesdre_2021,2021-07-07 12:00:00,6.25,13,48.17,107.6
ENS,vesdre_2021,2021-07-07 12:00:00,6.25,14,35.33,107.6
ENS,vesdre_2021,2021-07-07 12:00:00,6.25,15,7.56,107.6
ENS,vesdre_2021,2021-07-07 12:00:00,6.25,16,0.2,107.6
ENS,vesdre_2021,2021-07-07 12:00:00,6.25,17,0.62,107.6
ENS,vesdre_2021,2021-07-07 12:00:00,6.25,18,1.14,107.6
ENS,vesdre_2021,2021-07-07 12:00:00,6.25,19,1.32,107.6
ENS,vesdre_2021,2021-07-07 12:00:00,6.25,20,1.42,107.6
ENS,vesdre_2021,2021-07-07 12:00:00,6.25,21,10.53,107.6
ENS,vesdre_2021,2021-07-07 12:00:00,6.25,22,4.66,107.6
ENS,vesdre_2021,2021-07-07 12:00:00,6.25,23,8.72,107.6
ENS,vesdre_2021,2021-07-07 12:00:00,6.25,24,4.69,107.6
ENS,vesdre_2021,2021-07-07 12:00:00,6.25,25,0.72,107.6
ENS,vesdre_2021,2021-07-07 12:00:00,6.25,26,0.0,107.6
ENS,vesdre_2021,2021-07-07 12:00:00,6.25,27,0.79,107.6
ENS,vesdre_2021,2021-07-07 12:00:00,6.25,28,2.05,107.6
ENS,vesdre_2021,2021-07-07 12:00:00,6.25,29,0.59,107.6
ENS,vesdre_2021,2021-07-07 12:00:00,6.25,30,0.71,107.6
ENS,vesdre_2021,2021-07-07 12:00:00,6.25,31,4.95,107.6
ENS,vesdre_2021,2021-07-07 12:00:00,6.25,32,2.66,107.6
ENS,vesdre_2021,2021-07-07 12:00:00,6.25,33,1.96,107.6
ENS,vesdre_2021,2021-07-07 12:00:00,6.25,34,4.14,107.6
ENS,vesdre_2021,2021-07-07 12:00:00,6.25,35,1.84,107.6
ENS,vesdre_2021,2021-07-07 12:00:00,6.25,36,7.07,107.6
ENS,vesdre_2021,2021-07-07 12:00:00,6.25,37,2.64,107.6
ENS,vesdre_2021,2021-07-07 12:00:00,6.25,38,6.78,107.6
ENS,vesdre_2021,2021-07-07 12:00:00,6.25,39,68.56,107.6
ENS,vesdre_2021,2021-07-07 12:00:00,6.25,40,2.83,107.6
ENS,vesdre_2021,2021-07-07 12:00:00,6.25,41,1.63,107.6
ENS,vesdre_2021,2021-07-07 12:00:00,6.25,42,3.57,107.6
ENS,vesdre_2021,2021-07-07 12:00:00,6.25,43,30.58,107.6
ENS,vesdre_2021,2021-07-07 12:00:00,6.25,44,0.79,107.6
ENS,vesdre_2021,2021-07-07 12:00:00,6.25,45,1.14,107.6
ENS,vesdre_2021,2021-07-07 12:00:00,6.25,46,0.66,107.6
ENS,vesdre_2021,2021-07-07 12:00:00,6.25,47,1.67,107.6
ENS,vesdre_2021,2021-07-07 12:00:00,6.25,48,2.08,107.6
ENS,vesdre_2021,2021-07-07 12:00:00,6.25,49,3.41,107.6
ENS,vesdre_2021,2021-07-07 12:00:00,6.25,50,5.12,107.6
ENS,alzette_2021,2021-07-08 00:00:00,6.25,1,0.17,74.5
ENS,alzette_2021,2021-07-08 00:00:00,6.25,2,3.21,74.5
ENS,alzette_2021,2021-07-08 00:00:00,6.25,3,4.45,74.5
ENS,alzette_2021,2021-07-08 00:00:00,6.25,4,3.92,74.5
ENS,alzette_2021,2021-07-08 00:00:00,6.25,5,5.66,74.5
ENS,alzette_2021,2021-07-08 00:00:00,6.25,6,5.88,74.5
ENS,alzette_2021,2021-07-08 00:00:00,6.25,7,12.96,74.5
ENS,alzette_2021,2021-07-08 00:00:00,6.25,8,1.29,74.5
ENS,alzette_2021,2021-07-08 00:00:00,6.25,9,7.72,74.5
ENS,alzette_2021,2021-07-08 00:00:00,6.25,10,11.32,74.5
ENS,alzette_2021,2021-07-08 00:00:00,6.25,11,1.11,74.5
ENS,alzette_2021,2021-07-08 00:00:00,6.25,12,3.52,74.5
ENS,alzette_2021,2021-07-08 00:00:00,6.25,13,0.37,74.5
ENS,alzette_2021,2021-07-08 00:00:00,6.25,14,0.42,74.5
ENS,alzette_2021,2021-07-08 00:00:00,6.25,15,4.71,74.5
ENS,alzette_2021,2021-07-08 00:00:00,6.25,16,0.37,74.5
ENS,alzette_2021,2021-07-08 00:00:00,6.25,17,4.72,74.5
ENS,alzette_2021,2021-07-08 00:00:00,6.25,18,0.81,74.5
ENS,alzette_2021,2021-07-08 00:00:00,6.25,19,1.3,74.5
ENS,alzette_2021,2021-07-08 00:00:00,6.25,20,8.19,74.5
ENS,alzette_2021,2021-07-08 00:00:00,6.25,21,9.49,74.5
ENS,alzette_2021,2021-07-08 00:00:00,6.25,22,1.58,74.5
ENS,alzette_2021,2021-07-08 00:00:00,6.25,23,4.53,74.5
ENS,alzette_2021,2021-07-08 00:00:00,6.25,24,7.84,74.5
ENS,alzette_2021,2021-07-08 00:00:00,6.25,25,3.29,74.5
ENS,alzette_2021,2021-07-08 00:00:00,6.25,26,4.64,74.5
ENS,alzette_2021,2021-07-08 00:00:00,6.25,27,8.7,74.5
ENS,alzette_2021,2021-07-08 00:00:00,6.25,28,0.48,74.5
ENS,alzette_2021,2021-07-08 00:00:00,6.25,29,1.17,74.5
ENS,alzette_2021,2021-07-08 00:00:00,6.25,30,0.6,74.5
ENS,alzette_2021,2021-07-08 00:00:00,6.25,31,1.12,74.5
ENS,alzette_2021,2021-07-08 00:00:00,6.25,32,2.47,74.5
ENS,alzette_2021,2021-07-08 00:00:00,6.25,33,-0.0,74.5
ENS,alzette_2021,2021-07-08 00:00:00,6.25,34,3.76,74.5
ENS,alzette_2021,2021-07-08 00:00:00,6.25,35,2.08,74.5
ENS,alzette_2021,2021-07-08 00:00:00,6.25,36,0.16,74.5
ENS,alzette_2021,2021-07-08 00:00:00,6.25,37,4.06,74.5
ENS,alzette_2021,2021-07-08 00:00:00,6.25,38,0.0,74.5
ENS,alzette_2021,2021-07-08 00:00:00,6.25,39,3.01,74.5
ENS,alzette_2021,2021-07-08 00:00:00,6.25,40,5.0,74.5
ENS,alzette_2021,2021-07-08 00:00:00,6.25,41,1.77,74.5
ENS,alzette_2021,2021-07-08 00:00:00,6.25,42,1.01,74.5
ENS,alzette_2021,2021-07-08 00:00:00,6.25,43,2.29,74.5
ENS,alzette_2021,2021-07-08 00:00:00,6.25,44,5.02,74.5
ENS,alzette_2021,2021-07-08 00:00:00,6.25,45,1.7,74.5
ENS,alzette_2021,2021-07-08 00:00:00,6.25,46,4.39,74.5
ENS,alzette_2021,2021-07-08 00:00:00,6.25,47,1.45,74.5
ENS,alzette_2021,2021-07-08 00:00:00,6.25,48,0.55,74.5
ENS,alzette_2021,2021-07-08 00:00:00,6.25,49,0.2,74.5
ENS,alzette_2021,2021-07-08 00:00:00,6.25,50,2.54,74.5
ENS,ahr_2021,2021-07-08 00:00:00,6.25,1,0.15,75.4
ENS,ahr_2021,2021-07-08 00:00:00,6.25,2,12.29,75.4
ENS,ahr_2021,2021-07-08 00:00:00,6.25,3,4.45,75.4
ENS,ahr_2021,2021-07-08 00:00:00,6.25,4,3.33,75.4
ENS,ahr_2021,2021-07-08 00:00:00,6.25,5,10.17,75.4
ENS,ahr_2021,2021-07-08 00:00:00,6.25,6,17.95,75.4
ENS,ahr_2021,2021-07-08 00:00:00,6.25,7,5.88,75.4
ENS,ahr_2021,2021-07-08 00:00:00,6.25,8,0.58,75.4
ENS,ahr_2021,2021-07-08 00:00:00,6.25,9,8.42,75.4
ENS,ahr_2021,2021-07-08 00:00:00,6.25,10,14.28,75.4
ENS,ahr_2021,2021-07-08 00:00:00,6.25,11,1.18,75.4
ENS,ahr_2021,2021-07-08 00:00:00,6.25,12,3.13,75.4
ENS,ahr_2021,2021-07-08 00:00:00,6.25,13,1.8,75.4
ENS,ahr_2021,2021-07-08 00:00:00,6.25,14,0.83,75.4
ENS,ahr_2021,2021-07-08 00:00:00,6.25,15,2.73,75.4
ENS,ahr_2021,2021-07-08 00:00:00,6.25,16,1.25,75.4
ENS,ahr_2021,2021-07-08 00:00:00,6.25,17,4.73,75.4
ENS,ahr_2021,2021-07-08 00:00:00,6.25,18,1.17,75.4
ENS,ahr_2021,2021-07-08 00:00:00,6.25,19,0.17,75.4
ENS,ahr_2021,2021-07-08 00:00:00,6.25,20,1.91,75.4
ENS,ahr_2021,2021-07-08 00:00:00,6.25,21,1.83,75.4
ENS,ahr_2021,2021-07-08 00:00:00,6.25,22,3.05,75.4
ENS,ahr_2021,2021-07-08 00:00:00,6.25,23,4.69,75.4
ENS,ahr_2021,2021-07-08 00:00:00,6.25,24,3.09,75.4
ENS,ahr_2021,2021-07-08 00:00:00,6.25,25,4.42,75.4
ENS,ahr_2021,2021-07-08 00:00:00,6.25,26,1.19,75.4
ENS,ahr_2021,2021-07-08 00:00:00,6.25,27,4.57,75.4
ENS,ahr_2021,2021-07-08 00:00:00,6.25,28,0.6,75.4
ENS,ahr_2021,2021-07-08 00:00:00,6.25,29,1.19,75.4
ENS,ahr_2021,2021-07-08 00:00:00,6.25,30,0.32,75.4
ENS,ahr_2021,2021-07-08 00:00:00,6.25,31,2.89,75.4
ENS,ahr_2021,2021-07-08 00:00:00,6.25,32,6.28,75.4
ENS,ahr_2021,2021-07-08 00:00:00,6.25,33,0.19,75.4
ENS,ahr_2021,2021-07-08 00:00:00,6.25,34,4.67,75.4
ENS,ahr_2021,2021-07-08 00:00:00,6.25,35,2.04,75.4
ENS,ahr_2021,2021-07-08 00:00:00,6.25,36,0.12,75.4
ENS,ahr_2021,2021-07-08 00:00:00,6.25,37,6.92,75.4
ENS,ahr_2021,2021-07-08 00:00:00,6.25,38,0.02,75.4
ENS,ahr_2021,2021-07-08 00:00:00,6.25,39,3.93,75.4
ENS,ahr_2021,2021-07-08 00:00:00,6.25,40,2.21,75.4
ENS,ahr_2021,2021-07-08 00:00:00,6.25,41,0.8,75.4
ENS,ahr_2021,2021-07-08 00:00:00,6.25,42,0.79,75.4
ENS,ahr_2021,2021-07-08 00:00:00,6.25,43,0.66,75.4
ENS,ahr_2021,2021-07-08 00:00:00,6.25,44,3.12,75.4
ENS,ahr_2021,2021-07-08 00:00:00,6.25,45,0.69,75.4
ENS,ahr_2021,2021-07-08 00:00:00,6.25,46,5.48,75.4
ENS,ahr_2021,2021-07-08 00:00:00,6.25,47,2.17,75.4
ENS,ahr_2021,2021-07-08 00:00:00,6.25,48,4.49,75.4
ENS,ahr_2021,2021-07-08 00:00:00,6.25,49,0.14,75.4
ENS,ahr_2021,2021-07-08 00:00:00,6.25,50,3.87,75.4
ENS,vesdre_2021,2021-07-08 00:00:00,5.75,1,0.29,107.6
ENS,vesdre_2021,2021-07-08 00:00:00,5.75,2,41.86,107.6
ENS,vesdre_2021,2021-07-08 00:00:00,5.75,3,6.72,107.6
ENS,vesdre_2021,2021-07-08 00:00:00,5.75,4,3.24,107.6
ENS,vesdre_2021,2021-07-08 00:00:00,5.75,5,10.33,107.6
ENS,vesdre_2021,2021-07-08 00:00:00,5.75,6,38.57,107.6
ENS,vesdre_2021,2021-07-08 00:00:00,5.75,7,6.95,107.6
ENS,vesdre_2021,2021-07-08 00:00:00,5.75,8,0.68,107.6
ENS,vesdre_2021,2021-07-08 00:00:00,5.75,9,20.42,107.6
ENS,vesdre_2021,2021-07-08 00:00:00,5.75,10,27.54,107.6
ENS,vesdre_2021,2021-07-08 00:00:00,5.75,11,2.79,107.6
ENS,vesdre_2021,2021-07-08 00:00:00,5.75,12,4.34,107.6
ENS,vesdre_2021,2021-07-08 00:00:00,5.75,13,4.45,107.6
ENS,vesdre_2021,2021-07-08 00:00:00,5.75,14,2.72,107.6
ENS,vesdre_2021,2021-07-08 00:00:00,5.75,15,3.93,107.6
ENS,vesdre_2021,2021-07-08 00:00:00,5.75,16,3.28,107.6
ENS,vesdre_2021,2021-07-08 00:00:00,5.75,17,4.83,107.6
ENS,vesdre_2021,2021-07-08 00:00:00,5.75,18,3.69,107.6
ENS,vesdre_2021,2021-07-08 00:00:00,5.75,19,1.02,107.6
ENS,vesdre_2021,2021-07-08 00:00:00,5.75,20,1.51,107.6
ENS,vesdre_2021,2021-07-08 00:00:00,5.75,21,2.36,107.6
ENS,vesdre_2021,2021-07-08 00:00:00,5.75,22,5.1,107.6
ENS,vesdre_2021,2021-07-08 00:00:00,5.75,23,8.13,107.6
ENS,vesdre_2021,2021-07-08 00:00:00,5.75,24,4.02,107.6
ENS,vesdre_2021,2021-07-08 00:00:00,5.75,25,15.68,107.6
ENS,vesdre_2021,2021-07-08 00:00:00,5.75,26,6.84,107.6
ENS,vesdre_2021,2021-07-08 00:00:00,5.75,27,9.08,107.6
ENS,vesdre_2021,2021-07-08 00:00:00,5.75,28,2.23,107.6
ENS,vesdre_2021,2021-07-08 00:00:00,5.75,29,5.42,107.6
ENS,vesdre_2021,2021-07-08 00:00:00,5.75,30,1.06,107.6
ENS,vesdre_2021,2021-07-08 00:00:00,5.75,31,5.33,107.6
ENS,vesdre_2021,2021-07-08 00:00:00,5.75,32,3.03,107.6
ENS,vesdre_2021,2021-07-08 00:00:00,5.75,33,1.26,107.6
ENS,vesdre_2021,2021-07-08 00:00:00,5.75,34,6.77,107.6
ENS,vesdre_2021,2021-07-08 00:00:00,5.75,35,5.25,107.6
ENS,vesdre_2021,2021-07-08 00:00:00,5.75,36,1.28,107.6
ENS,vesdre_2021,2021-07-08 00:00:00,5.75,37,10.75,107.6
ENS,vesdre_2021,2021-07-08 00:00:00,5.75,38,0.77,107.6
ENS,vesdre_2021,2021-07-08 00:00:00,5.75,39,4.8,107.6
ENS,vesdre_2021,2021-07-08 00:00:00,5.75,40,4.94,107.6
ENS,vesdre_2021,2021-07-08 00:00:00,5.75,41,8.36,107.6
ENS,vesdre_2021,2021-07-08 00:00:00,5.75,42,2.99,107.6
ENS,vesdre_2021,2021-07-08 00:00:00,5.75,43,1.24,107.6
ENS,vesdre_2021,2021-07-08 00:00:00,5.75,44,6.51,107.6
ENS,vesdre_2021,2021-07-08 00:00:00,5.75,45,1.34,107.6
ENS,vesdre_2021,2021-07-08 00:00:00,5.75,46,6.97,107.6
ENS,vesdre_2021,2021-07-08 00:00:00,5.75,47,3.66,107.6
ENS,vesdre_2021,2021-07-08 00:00:00,5.75,48,0.63,107.6
ENS,vesdre_2021,2021-07-08 00:00:00,5.75,49,0.85,107.6
ENS,vesdre_2021,2021-07-08 00:00:00,5.75,50,4.89,107.6
ENS,alzette_2021,2021-07-08 12:00:00,5.75,1,1.72,74.5
ENS,alzette_2021,2021-07-08 12:00:00,5.75,2,15.95,74.5
ENS,alzette_2021,2021-07-08 12:00:00,5.75,3,11.82,74.5
ENS,alzette_2021,2021-07-08 12:00:00,5.75,4,6.46,74.5
ENS,alzette_2021,2021-07-08 12:00:00,5.75,5,0.0,74.5
ENS,alzette_2021,2021-07-08 12:00:00,5.75,6,0.11,74.5
ENS,alzette_2021,2021-07-08 12:00:00,5.75,7,10.24,74.5
ENS,alzette_2021,2021-07-08 12:00:00,5.75,8,9.25,74.5
ENS,alzette_2021,2021-07-08 12:00:00,5.75,9,0.68,74.5
ENS,alzette_2021,2021-07-08 12:00:00,5.75,10,0.88,74.5
ENS,alzette_2021,2021-07-08 12:00:00,5.75,11,0.73,74.5
ENS,alzette_2021,2021-07-08 12:00:00,5.75,12,30.11,74.5
ENS,alzette_2021,2021-07-08 12:00:00,5.75,13,1.2,74.5
ENS,alzette_2021,2021-07-08 12:00:00,5.75,14,3.75,74.5
ENS,alzette_2021,2021-07-08 12:00:00,5.75,15,5.49,74.5
ENS,alzette_2021,2021-07-08 12:00:00,5.75,16,5.28,74.5
ENS,alzette_2021,2021-07-08 12:00:00,5.75,17,2.1,74.5
ENS,alzette_2021,2021-07-08 12:00:00,5.75,18,13.97,74.5
ENS,alzette_2021,2021-07-08 12:00:00,5.75,19,4.09,74.5
ENS,alzette_2021,2021-07-08 12:00:00,5.75,20,7.76,74.5
ENS,alzette_2021,2021-07-08 12:00:00,5.75,21,7.16,74.5
ENS,alzette_2021,2021-07-08 12:00:00,5.75,22,2.1,74.5
ENS,alzette_2021,2021-07-08 12:00:00,5.75,23,5.03,74.5
ENS,alzette_2021,2021-07-08 12:00:00,5.75,24,5.07,74.5
ENS,alzette_2021,2021-07-08 12:00:00,5.75,25,0.56,74.5
ENS,alzette_2021,2021-07-08 12:00:00,5.75,26,27.51,74.5
ENS,alzette_2021,2021-07-08 12:00:00,5.75,27,2.46,74.5
ENS,alzette_2021,2021-07-08 12:00:00,5.75,28,4.14,74.5
ENS,alzette_2021,2021-07-08 12:00:00,5.75,29,6.8,74.5
ENS,alzette_2021,2021-07-08 12:00:00,5.75,30,5.57,74.5
ENS,alzette_2021,2021-07-08 12:00:00,5.75,31,3.54,74.5
ENS,alzette_2021,2021-07-08 12:00:00,5.75,32,1.14,74.5
ENS,alzette_2021,2021-07-08 12:00:00,5.75,33,0.0,74.5
ENS,alzette_2021,2021-07-08 12:00:00,5.75,34,0.0,74.5
ENS,alzette_2021,2021-07-08 12:00:00,5.75,35,6.53,74.5
ENS,alzette_2021,2021-07-08 12:00:00,5.75,36,2.08,74.5
ENS,alzette_2021,2021-07-08 12:00:00,5.75,37,5.62,74.5
ENS,alzette_2021,2021-07-08 12:00:00,5.75,38,1.02,74.5
ENS,alzette_2021,2021-07-08 12:00:00,5.75,39,12.4,74.5
ENS,alzette_2021,2021-07-08 12:00:00,5.75,40,0.92,74.5
ENS,alzette_2021,2021-07-08 12:00:00,5.75,41,7.07,74.5
ENS,alzette_2021,2021-07-08 12:00:00,5.75,42,4.28,74.5
ENS,alzette_2021,2021-07-08 12:00:00,5.75,43,2.23,74.5
ENS,alzette_2021,2021-07-08 12:00:00,5.75,44,1.04,74.5
ENS,alzette_2021,2021-07-08 12:00:00,5.75,45,17.24,74.5
ENS,alzette_2021,2021-07-08 12:00:00,5.75,46,3.66,74.5
ENS,alzette_2021,2021-07-08 12:00:00,5.75,47,0.26,74.5
ENS,alzette_2021,2021-07-08 12:00:00,5.75,48,0.04,74.5
ENS,alzette_2021,2021-07-08 12:00:00,5.75,49,6.96,74.5
ENS,alzette_2021,2021-07-08 12:00:00,5.75,50,3.06,74.5
ENS,ahr_2021,2021-07-08 12:00:00,5.75,1,1.81,75.4
ENS,ahr_2021,2021-07-08 12:00:00,5.75,2,22.5,75.4
ENS,ahr_2021,2021-07-08 12:00:00,5.75,3,5.79,75.4
ENS,ahr_2021,2021-07-08 12:00:00,5.75,4,5.27,75.4
ENS,ahr_2021,2021-07-08 12:00:00,5.75,5,0.11,75.4
ENS,ahr_2021,2021-07-08 12:00:00,5.75,6,0.13,75.4
ENS,ahr_2021,2021-07-08 12:00:00,5.75,7,6.09,75.4
ENS,ahr_2021,2021-07-08 12:00:00,5.75,8,3.46,75.4
ENS,ahr_2021,2021-07-08 12:00:00,5.75,9,0.48,75.4
ENS,ahr_2021,2021-07-08 12:00:00,5.75,10,0.32,75.4
ENS,ahr_2021,2021-07-08 12:00:00,5.75,11,0.57,75.4
ENS,ahr_2021,2021-07-08 12:00:00,5.75,12,42.64,75.4
ENS,ahr_2021,2021-07-08 12:00:00,5.75,13,4.82,75.4
ENS,ahr_2021,2021-07-08 12:00:00,5.75,14,0.76,75.4
ENS,ahr_2021,2021-07-08 12:00:00,5.75,15,2.17,75.4
ENS,ahr_2021,2021-07-08 12:00:00,5.75,16,7.39,75.4
ENS,ahr_2021,2021-07-08 12:00:00,5.75,17,9.83,75.4
ENS,ahr_2021,2021-07-08 12:00:00,5.75,18,10.94,75.4
ENS,ahr_2021,2021-07-08 12:00:00,5.75,19,10.53,75.4
ENS,ahr_2021,2021-07-08 12:00:00,5.75,20,2.5,75.4
ENS,ahr_2021,2021-07-08 12:00:00,5.75,21,8.18,75.4
ENS,ahr_2021,2021-07-08 12:00:00,5.75,22,2.12,75.4
ENS,ahr_2021,2021-07-08 12:00:00,5.75,23,5.78,75.4
ENS,ahr_2021,2021-07-08 12:00:00,5.75,24,1.9,75.4
ENS,ahr_2021,2021-07-08 12:00:00,5.75,25,5.69,75.4
ENS,ahr_2021,2021-07-08 12:00:00,5.75,26,12.14,75.4
ENS,ahr_2021,2021-07-08 12:00:00,5.75,27,5.07,75.4
ENS,ahr_2021,2021-07-08 12:00:00,5.75,28,2.97,75.4
ENS,ahr_2021,2021-07-08 12:00:00,5.75,29,3.4,75.4
ENS,ahr_2021,2021-07-08 12:00:00,5.75,30,3.52,75.4
ENS,ahr_2021,2021-07-08 12:00:00,5.75,31,3.59,75.4
ENS,ahr_2021,2021-07-08 12:00:00,5.75,32,1.91,75.4
ENS,ahr_2021,2021-07-08 12:00:00,5.75,33,0.05,75.4
ENS,ahr_2021,2021-07-08 12:00:00,5.75,34,0.36,75.4
ENS,ahr_2021,2021-07-08 12:00:00,5.75,35,3.29,75.4
ENS,ahr_2021,2021-07-08 12:00:00,5.75,36,5.71,75.4
ENS,ahr_2021,2021-07-08 12:00:00,5.75,37,6.58,75.4
ENS,ahr_2021,2021-07-08 12:00:00,5.75,38,1.0,75.4
ENS,ahr_2021,2021-07-08 12:00:00,5.75,39,7.81,75.4
ENS,ahr_2021,2021-07-08 12:00:00,5.75,40,0.4,75.4
ENS,ahr_2021,2021-07-08 12:00:00,5.75,41,3.46,75.4
ENS,ahr_2021,2021-07-08 12:00:00,5.75,42,1.1,75.4
ENS,ahr_2021,2021-07-08 12:00:00,5.75,43,6.44,75.4
ENS,ahr_2021,2021-07-08 12:00:00,5.75,44,6.4,75.4
ENS,ahr_2021,2021-07-08 12:00:00,5.75,45,7.15,75.4
ENS,ahr_2021,2021-07-08 12:00:00,5.75,46,6.3,75.4
ENS,ahr_2021,2021-07-08 12:00:00,5.75,47,0.96,75.4
ENS,ahr_2021,2021-07-08 12:00:00,5.75,48,0.02,75.4
ENS,ahr_2021,2021-07-08 12:00:00,5.75,49,7.21,75.4
ENS,ahr_2021,2021-07-08 12:00:00,5.75,50,4.25,75.4
ENS,vesdre_2021,2021-07-08 12:00:00,5.25,1,4.04,107.6
ENS,vesdre_2021,2021-07-08 12:00:00,5.25,2,9.67,107.6
ENS,vesdre_2021,2021-07-08 12:00:00,5.25,3,8.6,107.6
ENS,vesdre_2021,2021-07-08 12:00:00,5.25,4,2.06,107.6
ENS,vesdre_2021,2021-07-08 12:00:00,5.25,5,1.95,107.6
ENS,vesdre_2021,2021-07-08 12:00:00,5.25,6,1.63,107.6
ENS,vesdre_2021,2021-07-08 12:00:00,5.25,7,10.65,107.6
ENS,vesdre_2021,2021-07-08 12:00:00,5.25,8,4.14,107.6
ENS,vesdre_2021,2021-07-08 12:00:00,5.25,9,0.61,107.6
ENS,vesdre_2021,2021-07-08 12:00:00,5.25,10,1.91,107.6
ENS,vesdre_2021,2021-07-08 12:00:00,5.25,11,12.57,107.6
ENS,vesdre_2021,2021-07-08 12:00:00,5.25,12,40.3,107.6
ENS,vesdre_2021,2021-07-08 12:00:00,5.25,13,6.34,107.6
ENS,vesdre_2021,2021-07-08 12:00:00,5.25,14,19.21,107.6
ENS,vesdre_2021,2021-07-08 12:00:00,5.25,15,3.84,107.6
ENS,vesdre_2021,2021-07-08 12:00:00,5.25,16,5.34,107.6
ENS,vesdre_2021,2021-07-08 12:00:00,5.25,17,6.14,107.6
ENS,vesdre_2021,2021-07-08 12:00:00,5.25,18,8.03,107.6
ENS,vesdre_2021,2021-07-08 12:00:00,5.25,19,31.19,107.6
ENS,vesdre_2021,2021-07-08 12:00:00,5.25,20,3.06,107.6
ENS,vesdre_2021,2021-07-08 12:00:00,5.25,21,10.18,107.6
ENS,vesdre_2021,2021-07-08 12:00:00,5.25,22,4.33,107.6
ENS,vesdre_2021,2021-07-08 12:00:00,5.25,23,7.16,107.6
ENS,vesdre_2021,2021-07-08 12:00:00,5.25,24,4.92,107.6
ENS,vesdre_2021,2021-07-08 12:00:00,5.25,25,3.27,107.6
ENS,vesdre_2021,2021-07-08 12:00:00,5.25,26,25.49,107.6
ENS,vesdre_2021,2021-07-08 12:00:00,5.25,27,3.25,107.6
ENS,vesdre_2021,2021-07-08 12:00:00,5.25,28,7.22,107.6
ENS,vesdre_2021,2021-07-08 12:00:00,5.25,29,11.2,107.6
ENS,vesdre_2021,2021-07-08 12:00:00,5.25,30,3.78,107.6
ENS,vesdre_2021,2021-07-08 12:00:00,5.25,31,4.76,107.6
ENS,vesdre_2021,2021-07-08 12:00:00,5.25,32,5.74,107.6
ENS,vesdre_2021,2021-07-08 12:00:00,5.25,33,1.07,107.6
ENS,vesdre_2021,2021-07-08 12:00:00,5.25,34,0.14,107.6
ENS,vesdre_2021,2021-07-08 12:00:00,5.25,35,3.52,107.6
ENS,vesdre_2021,2021-07-08 12:00:00,5.25,36,6.98,107.6
ENS,vesdre_2021,2021-07-08 12:00:00,5.25,37,5.99,107.6
ENS,vesdre_2021,2021-07-08 12:00:00,5.25,38,2.9,107.6
ENS,vesdre_2021,2021-07-08 12:00:00,5.25,39,11.11,107.6
ENS,vesdre_2021,2021-07-08 12:00:00,5.25,40,1.09,107.6
ENS,vesdre_2021,2021-07-08 12:00:00,5.25,41,4.33,107.6
ENS,vesdre_2021,2021-07-08 12:00:00,5.25,42,0.52,107.6
ENS,vesdre_2021,2021-07-08 12:00:00,5.25,43,4.58,107.6
ENS,vesdre_2021,2021-07-08 12:00:00,5.25,44,4.48,107.6
ENS,vesdre_2021,2021-07-08 12:00:00,5.25,45,80.56,107.6
ENS,vesdre_2021,2021-07-08 12:00:00,5.25,46,15.5,107.6
ENS,vesdre_2021,2021-07-08 12:00:00,5.25,47,0.7,107.6
ENS,vesdre_2021,2021-07-08 12:00:00,5.25,48,0.21,107.6
ENS,vesdre_2021,2021-07-08 12:00:00,5.25,49,9.19,107.6
ENS,vesdre_2021,2021-07-08 12:00:00,5.25,50,3.04,107.6
ENS,alzette_2021,2021-07-09 00:00:00,5.25,1,4.77,74.5
ENS,alzette_2021,2021-07-09 00:00:00,5.25,2,6.32,74.5
ENS,alzette_2021,2021-07-09 00:00:00,5.25,3,7.61,74.5
ENS,alzette_2021,2021-07-09 00:00:00,5.25,4,1.79,74.5
ENS,alzette_2021,2021-07-09 00:00:00,5.25,5,8.13,74.5
ENS,alzette_2021,2021-07-09 00:00:00,5.25,6,8.48,74.5
ENS,alzette_2021,2021-07-09 00:00:00,5.25,7,0.52,74.5
ENS,alzette_2021,2021-07-09 00:00:00,5.25,8,1.58,74.5
ENS,alzette_2021,2021-07-09 00:00:00,5.25,9,2.07,74.5
ENS,alzette_2021,2021-07-09 00:00:00,5.25,10,0.23,74.5
ENS,alzette_2021,2021-07-09 00:00:00,5.25,11,10.9,74.5
ENS,alzette_2021,2021-07-09 00:00:00,5.25,12,16.77,74.5
ENS,alzette_2021,2021-07-09 00:00:00,5.25,13,1.65,74.5
ENS,alzette_2021,2021-07-09 00:00:00,5.25,14,6.07,74.5
ENS,alzette_2021,2021-07-09 00:00:00,5.25,15,27.12,74.5
ENS,alzette_2021,2021-07-09 00:00:00,5.25,16,2.89,74.5
ENS,alzette_2021,2021-07-09 00:00:00,5.25,17,4.61,74.5
ENS,alzette_2021,2021-07-09 00:00:00,5.25,18,2.53,74.5
ENS,alzette_2021,2021-07-09 00:00:00,5.25,19,0.56,74.5
ENS,alzette_2021,2021-07-09 00:00:00,5.25,20,0.39,74.5
ENS,alzette_2021,2021-07-09 00:00:00,5.25,21,0.09,74.5
ENS,alzette_2021,2021-07-09 00:00:00,5.25,22,8.87,74.5
ENS,alzette_2021,2021-07-09 00:00:00,5.25,23,8.77,74.5
ENS,alzette_2021,2021-07-09 00:00:00,5.25,24,7.55,74.5
ENS,alzette_2021,2021-07-09 00:00:00,5.25,25,6.5,74.5
ENS,alzette_2021,2021-07-09 00:00:00,5.25,26,5.38,74.5
ENS,alzette_2021,2021-07-09 00:00:00,5.25,27,9.84,74.5
ENS,alzette_2021,2021-07-09 00:00:00,5.25,28,3.51,74.5
ENS,alzette_2021,2021-07-09 00:00:00,5.25,29,0.73,74.5
ENS,alzette_2021,2021-07-09 00:00:00,5.25,30,0.6,74.5
ENS,alzette_2021,2021-07-09 00:00:00,5.25,31,8.5,74.5
ENS,alzette_2021,2021-07-09 00:00:00,5.25,32,1.85,74.5
ENS,alzette_2021,2021-07-09 00:00:00,5.25,33,9.0,74.5
ENS,alzette_2021,2021-07-09 00:00:00,5.25,34,8.03,74.5
ENS,alzette_2021,2021-07-09 00:00:00,5.25,35,5.16,74.5
ENS,alzette_2021,2021-07-09 00:00:00,5.25,36,15.25,74.5
ENS,alzette_2021,2021-07-09 00:00:00,5.25,37,67.85,74.5
ENS,alzette_2021,2021-07-09 00:00:00,5.25,38,6.83,74.5
ENS,alzette_2021,2021-07-09 00:00:00,5.25,39,1.33,74.5
ENS,alzette_2021,2021-07-09 00:00:00,5.25,40,0.12,74.5
ENS,alzette_2021,2021-07-09 00:00:00,5.25,41,0.6,74.5
ENS,alzette_2021,2021-07-09 00:00:00,5.25,42,3.82,74.5
ENS,alzette_2021,2021-07-09 00:00:00,5.25,43,16.92,74.5
ENS,alzette_2021,2021-07-09 00:00:00,5.25,44,16.35,74.5
ENS,alzette_2021,2021-07-09 00:00:00,5.25,45,64.57,74.5
ENS,alzette_2021,2021-07-09 00:00:00,5.25,46,1.62,74.5
ENS,alzette_2021,2021-07-09 00:00:00,5.25,47,5.03,74.5
ENS,alzette_2021,2021-07-09 00:00:00,5.25,48,2.07,74.5
ENS,alzette_2021,2021-07-09 00:00:00,5.25,49,4.46,74.5
ENS,alzette_2021,2021-07-09 00:00:00,5.25,50,0.96,74.5
ENS,ahr_2021,2021-07-09 00:00:00,5.25,1,3.5,75.4
ENS,ahr_2021,2021-07-09 00:00:00,5.25,2,3.72,75.4
ENS,ahr_2021,2021-07-09 00:00:00,5.25,3,3.86,75.4
ENS,ahr_2021,2021-07-09 00:00:00,5.25,4,1.89,75.4
ENS,ahr_2021,2021-07-09 00:00:00,5.25,5,14.45,75.4
ENS,ahr_2021,2021-07-09 00:00:00,5.25,6,15.49,75.4
ENS,ahr_2021,2021-07-09 00:00:00,5.25,7,0.98,75.4
ENS,ahr_2021,2021-07-09 00:00:00,5.25,8,0.05,75.4
ENS,ahr_2021,2021-07-09 00:00:00,5.25,9,7.15,75.4
ENS,ahr_2021,2021-07-09 00:00:00,5.25,10,0.5,75.4
ENS,ahr_2021,2021-07-09 00:00:00,5.25,11,2.16,75.4
ENS,ahr_2021,2021-07-09 00:00:00,5.25,12,18.24,75.4
ENS,ahr_2021,2021-07-09 00:00:00,5.25,13,3.9,75.4
ENS,ahr_2021,2021-07-09 00:00:00,5.25,14,5.57,75.4
ENS,ahr_2021,2021-07-09 00:00:00,5.25,15,25.89,75.4
ENS,ahr_2021,2021-07-09 00:00:00,5.25,16,1.71,75.4
ENS,ahr_2021,2021-07-09 00:00:00,5.25,17,2.64,75.4
ENS,ahr_2021,2021-07-09 00:00:00,5.25,18,4.25,75.4
ENS,ahr_2021,2021-07-09 00:00:00,5.25,19,0.12,75.4
ENS,ahr_2021,2021-07-09 00:00:00,5.25,20,0.63,75.4
ENS,ahr_2021,2021-07-09 00:00:00,5.25,21,0.01,75.4
ENS,ahr_2021,2021-07-09 00:00:00,5.25,22,6.47,75.4
ENS,ahr_2021,2021-07-09 00:00:00,5.25,23,4.99,75.4
ENS,ahr_2021,2021-07-09 00:00:00,5.25,24,4.71,75.4
ENS,ahr_2021,2021-07-09 00:00:00,5.25,25,1.58,75.4
ENS,ahr_2021,2021-07-09 00:00:00,5.25,26,2.37,75.4
ENS,ahr_2021,2021-07-09 00:00:00,5.25,27,2.2,75.4
ENS,ahr_2021,2021-07-09 00:00:00,5.25,28,0.23,75.4
ENS,ahr_2021,2021-07-09 00:00:00,5.25,29,0.53,75.4
ENS,ahr_2021,2021-07-09 00:00:00,5.25,30,0.54,75.4
ENS,ahr_2021,2021-07-09 00:00:00,5.25,31,4.3,75.4
ENS,ahr_2021,2021-07-09 00:00:00,5.25,32,3.88,75.4
ENS,ahr_2021,2021-07-09 00:00:00,5.25,33,1.53,75.4
ENS,ahr_2021,2021-07-09 00:00:00,5.25,34,12.14,75.4
ENS,ahr_2021,2021-07-09 00:00:00,5.25,35,2.67,75.4
ENS,ahr_2021,2021-07-09 00:00:00,5.25,36,15.27,75.4
ENS,ahr_2021,2021-07-09 00:00:00,5.25,37,18.19,75.4
ENS,ahr_2021,2021-07-09 00:00:00,5.25,38,2.4,75.4
ENS,ahr_2021,2021-07-09 00:00:00,5.25,39,0.57,75.4
ENS,ahr_2021,2021-07-09 00:00:00,5.25,40,0.05,75.4
ENS,ahr_2021,2021-07-09 00:00:00,5.25,41,3.24,75.4
ENS,ahr_2021,2021-07-09 00:00:00,5.25,42,1.86,75.4
ENS,ahr_2021,2021-07-09 00:00:00,5.25,43,13.99,75.4
ENS,ahr_2021,2021-07-09 00:00:00,5.25,44,5.33,75.4
ENS,ahr_2021,2021-07-09 00:00:00,5.25,45,53.91,75.4
ENS,ahr_2021,2021-07-09 00:00:00,5.25,46,0.67,75.4
ENS,ahr_2021,2021-07-09 00:00:00,5.25,47,3.1,75.4
ENS,ahr_2021,2021-07-09 00:00:00,5.25,48,1.86,75.4
ENS,ahr_2021,2021-07-09 00:00:00,5.25,49,1.2,75.4
ENS,ahr_2021,2021-07-09 00:00:00,5.25,50,1.64,75.4
ENS,vesdre_2021,2021-07-09 00:00:00,4.75,1,8.38,107.6
ENS,vesdre_2021,2021-07-09 00:00:00,4.75,2,11.38,107.6
ENS,vesdre_2021,2021-07-09 00:00:00,4.75,3,0.56,107.6
ENS,vesdre_2021,2021-07-09 00:00:00,4.75,4,1.15,107.6
ENS,vesdre_2021,2021-07-09 00:00:00,4.75,5,16.03,107.6
ENS,vesdre_2021,2021-07-09 00:00:00,4.75,6,26.69,107.6
ENS,vesdre_2021,2021-07-09 00:00:00,4.75,7,0.79,107.6
ENS,vesdre_2021,2021-07-09 00:00:00,4.75,8,0.22,107.6
ENS,vesdre_2021,2021-07-09 00:00:00,4.75,9,5.18,107.6
ENS,vesdre_2021,2021-07-09 00:00:00,4.75,10,2.27,107.6
ENS,vesdre_2021,2021-07-09 00:00:00,4.75,11,4.36,107.6
ENS,vesdre_2021,2021-07-09 00:00:00,4.75,12,54.56,107.6
ENS,vesdre_2021,2021-07-09 00:00:00,4.75,13,10.37,107.6
ENS,vesdre_2021,2021-07-09 00:00:00,4.75,14,13.01,107.6
ENS,vesdre_2021,2021-07-09 00:00:00,4.75,15,48.11,107.6
ENS,vesdre_2021,2021-07-09 00:00:00,4.75,16,1.78,107.6
ENS,vesdre_2021,2021-07-09 00:00:00,4.75,17,11.59,107.6
ENS,vesdre_2021,2021-07-09 00:00:00,4.75,18,8.72,107.6
ENS,vesdre_2021,2021-07-09 00:00:00,4.75,19,0.09,107.6
ENS,vesdre_2021,2021-07-09 00:00:00,4.75,20,1.79,107.6
ENS,vesdre_2021,2021-07-09 00:00:00,4.75,21,3.77,107.6
ENS,vesdre_2021,2021-07-09 00:00:00,4.75,22,13.28,107.6
ENS,vesdre_2021,2021-07-09 00:00:00,4.75,23,7.16,107.6
ENS,vesdre_2021,2021-07-09 00:00:00,4.75,24,5.76,107.6
ENS,vesdre_2021,2021-07-09 00:00:00,4.75,25,8.49,107.6
ENS,vesdre_2021,2021-07-09 00:00:00,4.75,26,1.52,107.6
ENS,vesdre_2021,2021-07-09 00:00:00,4.75,27,3.07,107.6
ENS,vesdre_2021,2021-07-09 00:00:00,4.75,28,0.96,107.6
ENS,vesdre_2021,2021-07-09 00:00:00,4.75,29,1.31,107.6
ENS,vesdre_2021,2021-07-09 00:00:00,4.75,30,0.11,107.6
ENS,vesdre_2021,2021-07-09 00:00:00,4.75,31,20.93,107.6
ENS,vesdre_2021,2021-07-09 00:00:00,4.75,32,7.13,107.6
ENS,vesdre_2021,2021-07-09 00:00:00,4.75,33,3.82,107.6
ENS,vesdre_2021,2021-07-09 00:00:00,4.75,34,28.24,107.6
ENS,vesdre_2021,2021-07-09 00:00:00,4.75,35,5.69,107.6
ENS,vesdre_2021,2021-07-09 00:00:00,4.75,36,9.47,107.6
ENS,vesdre_2021,2021-07-09 00:00:00,4.75,37,126.5,107.6
ENS,vesdre_2021,2021-07-09 00:00:00,4.75,38,2.34,107.6
ENS,vesdre_2021,2021-07-09 00:00:00,4.75,39,1.56,107.6
ENS,vesdre_2021,2021-07-09 00:00:00,4.75,40,0.88,107.6
ENS,vesdre_2021,2021-07-09 00:00:00,4.75,41,1.76,107.6
ENS,vesdre_2021,2021-07-09 00:00:00,4.75,42,6.14,107.6
ENS,vesdre_2021,2021-07-09 00:00:00,4.75,43,28.04,107.6
ENS,vesdre_2021,2021-07-09 00:00:00,4.75,44,8.97,107.6
ENS,vesdre_2021,2021-07-09 00:00:00,4.75,45,56.33,107.6
ENS,vesdre_2021,2021-07-09 00:00:00,4.75,46,0.95,107.6
ENS,vesdre_2021,2021-07-09 00:00:00,4.75,47,9.98,107.6
ENS,vesdre_2021,2021-07-09 00:00:00,4.75,48,1.32,107.6
ENS,vesdre_2021,2021-07-09 00:00:00,4.75,49,0.83,107.6
ENS,vesdre_2021,2021-07-09 00:00:00,4.75,50,4.93,107.6
ENS,alzette_2021,2021-07-09 12:00:00,4.75,1,2.76,74.5
ENS,alzette_2021,2021-07-09 12:00:00,4.75,2,6.47,74.5
ENS,alzette_2021,2021-07-09 12:00:00,4.75,3,1.87,74.5
ENS,alzette_2021,2021-07-09 12:00:00,4.75,4,2.0,74.5
ENS,alzette_2021,2021-07-09 12:00:00,4.75,5,28.24,74.5
ENS,alzette_2021,2021-07-09 12:00:00,4.75,6,2.01,74.5
ENS,alzette_2021,2021-07-09 12:00:00,4.75,7,6.71,74.5
ENS,alzette_2021,2021-07-09 12:00:00,4.75,8,0.06,74.5
ENS,alzette_2021,2021-07-09 12:00:00,4.75,9,15.13,74.5
ENS,alzette_2021,2021-07-09 12:00:00,4.75,10,6.92,74.5
ENS,alzette_2021,2021-07-09 12:00:00,4.75,11,1.94,74.5
ENS,alzette_2021,2021-07-09 12:00:00,4.75,12,0.0,74.5
ENS,alzette_2021,2021-07-09 12:00:00,4.75,13,12.68,74.5
ENS,alzette_2021,2021-07-09 12:00:00,4.75,14,1.3,74.5
ENS,alzette_2021,2021-07-09 12:00:00,4.75,15,3.3,74.5
ENS,alzette_2021,2021-07-09 12:00:00,4.75,16,0.29,74.5
ENS,alzette_2021,2021-07-09 12:00:00,4.75,17,0.0,74.5
ENS,alzette_2021,2021-07-09 12:00:00,4.75,18,0.12,74.5
ENS,alzette_2021,2021-07-09 12:00:00,4.75,19,7.64,74.5
ENS,alzette_2021,2021-07-09 12:00:00,4.75,20,5.08,74.5
ENS,alzette_2021,2021-07-09 12:00:00,4.75,21,8.12,74.5
ENS,alzette_2021,2021-07-09 12:00:00,4.75,22,0.93,74.5
ENS,alzette_2021,2021-07-09 12:00:00,4.75,23,19.81,74.5
ENS,alzette_2021,2021-07-09 12:00:00,4.75,24,4.97,74.5
ENS,alzette_2021,2021-07-09 12:00:00,4.75,25,2.63,74.5
ENS,alzette_2021,2021-07-09 12:00:00,4.75,26,3.16,74.5
ENS,alzette_2021,2021-07-09 12:00:00,4.75,27,2.63,74.5
ENS,alzette_2021,2021-07-09 12:00:00,4.75,28,4.72,74.5
ENS,alzette_2021,2021-07-09 12:00:00,4.75,29,23.68,74.5
ENS,alzette_2021,2021-07-09 12:00:00,4.75,30,0.94,74.5
ENS,alzette_2021,2021-07-09 12:00:00,4.75,31,12.9,74.5
ENS,alzette_2021,2021-07-09 12:00:00,4.75,32,3.7,74.5
ENS,alzette_2021,2021-07-09 12:00:00,4.75,33,1.06,74.5
ENS,alzette_2021,2021-07-09 12:00:00,4.75,34,0.2,74.5
ENS,alzette_2021,2021-07-09 12:00:00,4.75,35,0.26,74.5
ENS,alzette_2021,2021-07-09 12:00:00,4.75,36,0.02,74.5
ENS,alzette_2021,2021-07-09 12:00:00,4.75,37,8.94,74.5
ENS,alzette_2021,2021-07-09 12:00:00,4.75,38,6.26,74.5
ENS,alzette_2021,2021-07-09 12:00:00,4.75,39,0.42,74.5
ENS,alzette_2021,2021-07-09 12:00:00,4.75,40,2.09,74.5
ENS,alzette_2021,2021-07-09 12:00:00,4.75,41,0.87,74.5
ENS,alzette_2021,2021-07-09 12:00:00,4.75,42,17.12,74.5
ENS,alzette_2021,2021-07-09 12:00:00,4.75,43,5.04,74.5
ENS,alzette_2021,2021-07-09 12:00:00,4.75,44,6.49,74.5
ENS,alzette_2021,2021-07-09 12:00:00,4.75,45,6.67,74.5
ENS,alzette_2021,2021-07-09 12:00:00,4.75,46,1.32,74.5
ENS,alzette_2021,2021-07-09 12:00:00,4.75,47,1.13,74.5
ENS,alzette_2021,2021-07-09 12:00:00,4.75,48,12.75,74.5
ENS,alzette_2021,2021-07-09 12:00:00,4.75,49,2.24,74.5
ENS,alzette_2021,2021-07-09 12:00:00,4.75,50,14.16,74.5
ENS,ahr_2021,2021-07-09 12:00:00,4.75,1,1.83,75.4
ENS,ahr_2021,2021-07-09 12:00:00,4.75,2,6.08,75.4
ENS,ahr_2021,2021-07-09 12:00:00,4.75,3,4.59,75.4
ENS,ahr_2021,2021-07-09 12:00:00,4.75,4,0.4,75.4
ENS,ahr_2021,2021-07-09 12:00:00,4.75,5,12.19,75.4
ENS,ahr_2021,2021-07-09 12:00:00,4.75,6,1.26,75.4
ENS,ahr_2021,2021-07-09 12:00:00,4.75,7,2.27,75.4
ENS,ahr_2021,2021-07-09 12:00:00,4.75,8,0.02,75.4
ENS,ahr_2021,2021-07-09 12:00:00,4.75,9,9.38,75.4
ENS,ahr_2021,2021-07-09 12:00:00,4.75,10,18.43,75.4
ENS,ahr_2021,2021-07-09 12:00:00,4.75,11,4.29,75.4
ENS,ahr_2021,2021-07-09 12:00:00,4.75,12,0.53,75.4
ENS,ahr_2021,2021-07-09 12:00:00,4.75,13,9.11,75.4
ENS,ahr_2021,2021-07-09 12:00:00,4.75,14,0.63,75.4
ENS,ahr_2021,2021-07-09 12:00:00,4.75,15,1.35,75.4
ENS,ahr_2021,2021-07-09 12:00:00,4.75,16,0.24,75.4
ENS,ahr_2021,2021-07-09 12:00:00,4.75,17,-0.0,75.4
ENS,ahr_2021,2021-07-09 12:00:00,4.75,18,9.45,75.4
ENS,ahr_2021,2021-07-09 12:00:00,4.75,19,6.67,75.4
ENS,ahr_2021,2021-07-09 12:00:00,4.75,20,6.91,75.4
ENS,ahr_2021,2021-07-09 12:00:00,4.75,21,3.65,75.4
ENS,ahr_2021,2021-07-09 12:00:00,4.75,22,0.39,75.4
ENS,ahr_2021,2021-07-09 12:00:00,4.75,23,34.37,75.4
ENS,ahr_2021,2021-07-09 12:00:00,4.75,24,8.75,75.4
ENS,ahr_2021,2021-07-09 12:00:00,4.75,25,0.84,75.4
ENS,ahr_2021,2021-07-09 12:00:00,4.75,26,3.05,75.4
ENS,ahr_2021,2021-07-09 12:00:00,4.75,27,7.87,75.4
ENS,ahr_2021,2021-07-09 12:00:00,4.75,28,0.71,75.4
ENS,ahr_2021,2021-07-09 12:00:00,4.75,29,12.47,75.4
ENS,ahr_2021,2021-07-09 12:00:00,4.75,30,0.04,75.4
ENS,ahr_2021,2021-07-09 12:00:00,4.75,31,48.77,75.4
ENS,ahr_2021,2021-07-09 12:00:00,4.75,32,2.11,75.4
ENS,ahr_2021,2021-07-09 12:00:00,4.75,33,0.81,75.4
ENS,ahr_2021,2021-07-09 12:00:00,4.75,34,1.55,75.4
ENS,ahr_2021,2021-07-09 12:00:00,4.75,35,0.14,75.4
ENS,ahr_2021,2021-07-09 12:00:00,4.75,36,0.75,75.4
ENS,ahr_2021,2021-07-09 12:00:00,4.75,37,11.3,75.4
ENS,ahr_2021,2021-07-09 12:00:00,4.75,38,4.88,75.4
ENS,ahr_2021,2021-07-09 12:00:00,4.75,39,-0.0,75.4
ENS,ahr_2021,2021-07-09 12:00:00,4.75,40,1.04,75.4
ENS,ahr_2021,2021-07-09 12:00:00,4.75,41,3.16,75.4
ENS,ahr_2021,2021-07-09 12:00:00,4.75,42,45.86,75.4
ENS,ahr_2021,2021-07-09 12:00:00,4.75,43,11.41,75.4
ENS,ahr_2021,2021-07-09 12:00:00,4.75,44,12.67,75.4
ENS,ahr_2021,2021-07-09 12:00:00,4.75,45,5.25,75.4
ENS,ahr_2021,2021-07-09 12:00:00,4.75,46,2.29,75.4
ENS,ahr_2021,2021-07-09 12:00:00,4.75,47,0.93,75.4
ENS,ahr_2021,2021-07-09 12:00:00,4.75,48,8.66,75.4
ENS,ahr_2021,2021-07-09 12:00:00,4.75,49,3.73,75.4
ENS,ahr_2021,2021-07-09 12:00:00,4.75,50,13.42,75.4
ENS,vesdre_2021,2021-07-09 12:00:00,4.25,1,1.76,107.6
ENS,vesdre_2021,2021-07-09 12:00:00,4.25,2,2.91,107.6
ENS,vesdre_2021,2021-07-09 12:00:00,4.25,3,7.15,107.6
ENS,vesdre_2021,2021-07-09 12:00:00,4.25,4,22.95,107.6
ENS,vesdre_2021,2021-07-09 12:00:00,4.25,5,13.66,107.6
ENS,vesdre_2021,2021-07-09 12:00:00,4.25,6,3.33,107.6
ENS,vesdre_2021,2021-07-09 12:00:00,4.25,7,1.58,107.6
ENS,vesdre_2021,2021-07-09 12:00:00,4.25,8,1.56,107.6
ENS,vesdre_2021,2021-07-09 12:00:00,4.25,9,5.46,107.6
ENS,vesdre_2021,2021-07-09 12:00:00,4.25,10,12.86,107.6
ENS,vesdre_2021,2021-07-09 12:00:00,4.25,11,17.95,107.6
ENS,vesdre_2021,2021-07-09 12:00:00,4.25,12,0.79,107.6
ENS,vesdre_2021,2021-07-09 12:00:00,4.25,13,10.14,107.6
ENS,vesdre_2021,2021-07-09 12:00:00,4.25,14,1.13,107.6
ENS,vesdre_2021,2021-07-09 12:00:00,4.25,15,37.15,107.6
ENS,vesdre_2021,2021-07-09 12:00:00,4.25,16,4.8,107.6
ENS,vesdre_2021,2021-07-09 12:00:00,4.25,17,0.43,107.6
ENS,vesdre_2021,2021-07-09 12:00:00,4.25,18,7.96,107.6
ENS,vesdre_2021,2021-07-09 12:00:00,4.25,19,14.13,107.6
ENS,vesdre_2021,2021-07-09 12:00:00,4.25,20,6.7,107.6
ENS,vesdre_2021,2021-07-09 12:00:00,4.25,21,4.18,107.6
ENS,vesdre_2021,2021-07-09 12:00:00,4.25,22,2.71,107.6
ENS,vesdre_2021,2021-07-09 12:00:00,4.25,23,12.27,107.6
ENS,vesdre_2021,2021-07-09 12:00:00,4.25,24,42.34,107.6
ENS,vesdre_2021,2021-07-09 12:00:00,4.25,25,5.91,107.6
ENS,vesdre_2021,2021-07-09 12:00:00,4.25,26,4.35,107.6
ENS,vesdre_2021,2021-07-09 12:00:00,4.25,27,30.16,107.6
ENS,vesdre_2021,2021-07-09 12:00:00,4.25,28,14.55,107.6
ENS,vesdre_2021,2021-07-09 12:00:00,4.25,29,30.09,107.6
ENS,vesdre_2021,2021-07-09 12:00:00,4.25,30,0.43,107.6
ENS,vesdre_2021,2021-07-09 12:00:00,4.25,31,31.53,107.6
ENS,vesdre_2021,2021-07-09 12:00:00,4.25,32,2.94,107.6
ENS,vesdre_2021,2021-07-09 12:00:00,4.25,33,1.1,107.6
ENS,vesdre_2021,2021-07-09 12:00:00,4.25,34,5.52,107.6
ENS,vesdre_2021,2021-07-09 12:00:00,4.25,35,0.56,107.6
ENS,vesdre_2021,2021-07-09 12:00:00,4.25,36,1.18,107.6
ENS,vesdre_2021,2021-07-09 12:00:00,4.25,37,7.46,107.6
ENS,vesdre_2021,2021-07-09 12:00:00,4.25,38,8.56,107.6
ENS,vesdre_2021,2021-07-09 12:00:00,4.25,39,13.75,107.6
ENS,vesdre_2021,2021-07-09 12:00:00,4.25,40,5.41,107.6
ENS,vesdre_2021,2021-07-09 12:00:00,4.25,41,6.46,107.6
ENS,vesdre_2021,2021-07-09 12:00:00,4.25,42,31.44,107.6
ENS,vesdre_2021,2021-07-09 12:00:00,4.25,43,16.54,107.6
ENS,vesdre_2021,2021-07-09 12:00:00,4.25,44,10.74,107.6
ENS,vesdre_2021,2021-07-09 12:00:00,4.25,45,3.87,107.6
ENS,vesdre_2021,2021-07-09 12:00:00,4.25,46,2.93,107.6
ENS,vesdre_2021,2021-07-09 12:00:00,4.25,47,1.71,107.6
ENS,vesdre_2021,2021-07-09 12:00:00,4.25,48,9.02,107.6
ENS,vesdre_2021,2021-07-09 12:00:00,4.25,49,19.28,107.6
ENS,vesdre_2021,2021-07-09 12:00:00,4.25,50,16.88,107.6
ENS,alzette_2021,2021-07-10 00:00:00,4.25,1,11.17,74.5
ENS,alzette_2021,2021-07-10 00:00:00,4.25,2,9.38,74.5
ENS,alzette_2021,2021-07-10 00:00:00,4.25,3,8.16,74.5
ENS,alzette_2021,2021-07-10 00:00:00,4.25,4,0.46,74.5
ENS,alzette_2021,2021-07-10 00:00:00,4.25,5,2.69,74.5
ENS,alzette_2021,2021-07-10 00:00:00,4.25,6,37.34,74.5
ENS,alzette_2021,2021-07-10 00:00:00,4.25,7,0.07,74.5
ENS,alzette_2021,2021-07-10 00:00:00,4.25,8,0.35,74.5
ENS,alzette_2021,2021-07-10 00:00:00,4.25,9,4.18,74.5
ENS,alzette_2021,2021-07-10 00:00:00,4.25,10,1.54,74.5
ENS,alzette_2021,2021-07-10 00:00:00,4.25,11,3.2,74.5
ENS,alzette_2021,2021-07-10 00:00:00,4.25,12,32.03,74.5
ENS,alzette_2021,2021-07-10 00:00:00,4.25,13,12.19,74.5
ENS,alzette_2021,2021-07-10 00:00:00,4.25,14,28.63,74.5
ENS,alzette_2021,2021-07-10 00:00:00,4.25,15,5.43,74.5
ENS,alzette_2021,2021-07-10 00:00:00,4.25,16,0.21,74.5
ENS,alzette_2021,2021-07-10 00:00:00,4.25,17,10.53,74.5
ENS,alzette_2021,2021-07-10 00:00:00,4.25,18,4.02,74.5
ENS,alzette_2021,2021-07-10 00:00:00,4.25,19,11.64,74.5
ENS,alzette_2021,2021-07-10 00:00:00,4.25,20,9.8,74.5
ENS,alzette_2021,2021-07-10 00:00:00,4.25,21,64.26,74.5
ENS,alzette_2021,2021-07-10 00:00:00,4.25,22,2.35,74.5
ENS,alzette_2021,2021-07-10 00:00:00,4.25,23,14.65,74.5
ENS,alzette_2021,2021-07-10 00:00:00,4.25,24,0.0,74.5
ENS,alzette_2021,2021-07-10 00:00:00,4.25,25,4.95,74.5
ENS,alzette_2021,2021-07-10 00:00:00,4.25,26,27.2,74.5
ENS,alzette_2021,2021-07-10 00:00:00,4.25,27,0.66,74.5
ENS,alzette_2021,2021-07-10 00:00:00,4.25,28,11.97,74.5
ENS,alzette_2021,2021-07-10 00:00:00,4.25,29,1.13,74.5
ENS,alzette_2021,2021-07-10 00:00:00,4.25,30,22.81,74.5
ENS,alzette_2021,2021-07-10 00:00:00,4.25,31,10.69,74.5
ENS,alzette_2021,2021-07-10 00:00:00,4.25,32,2.22,74.5
ENS,alzette_2021,2021-07-10 00:00:00,4.25,33,1.29,74.5
ENS,alzette_2021,2021-07-10 00:00:00,4.25,34,34.26,74.5
ENS,alzette_2021,2021-07-10 00:00:00,4.25,35,11.62,74.5
ENS,alzette_2021,2021-07-10 00:00:00,4.25,36,0.23,74.5
ENS,alzette_2021,2021-07-10 00:00:00,4.25,37,8.51,74.5
ENS,alzette_2021,2021-07-10 00:00:00,4.25,38,22.29,74.5
ENS,alzette_2021,2021-07-10 00:00:00,4.25,39,10.97,74.5
ENS,alzette_2021,2021-07-10 00:00:00,4.25,40,8.07,74.5
ENS,alzette_2021,2021-07-10 00:00:00,4.25,41,1.43,74.5
ENS,alzette_2021,2021-07-10 00:00:00,4.25,42,0.32,74.5
ENS,alzette_2021,2021-07-10 00:00:00,4.25,43,33.69,74.5
ENS,alzette_2021,2021-07-10 00:00:00,4.25,44,7.83,74.5
ENS,alzette_2021,2021-07-10 00:00:00,4.25,45,0.17,74.5
ENS,alzette_2021,2021-07-10 00:00:00,4.25,46,0.44,74.5
ENS,alzette_2021,2021-07-10 00:00:00,4.25,47,33.92,74.5
ENS,alzette_2021,2021-07-10 00:00:00,4.25,48,0.06,74.5
ENS,alzette_2021,2021-07-10 00:00:00,4.25,49,1.17,74.5
ENS,alzette_2021,2021-07-10 00:00:00,4.25,50,13.78,74.5
ENS,ahr_2021,2021-07-10 00:00:00,4.25,1,15.64,75.4
ENS,ahr_2021,2021-07-10 00:00:00,4.25,2,11.8,75.4
ENS,ahr_2021,2021-07-10 00:00:00,4.25,3,9.26,75.4
ENS,ahr_2021,2021-07-10 00:00:00,4.25,4,0.91,75.4
ENS,ahr_2021,2021-07-10 00:00:00,4.25,5,1.1,75.4
ENS,ahr_2021,2021-07-10 00:00:00,4.25,6,38.17,75.4
ENS,ahr_2021,2021-07-10 00:00:00,4.25,7,-0.0,75.4
ENS,ahr_2021,2021-07-10 00:00:00,4.25,8,0.01,75.4
ENS,ahr_2021,2021-07-10 00:00:00,4.25,9,6.37,75.4
ENS,ahr_2021,2021-07-10 00:00:00,4.25,10,4.77,75.4
ENS,ahr_2021,2021-07-10 00:00:00,4.25,11,0.28,75.4
ENS,ahr_2021,2021-07-10 00:00:00,4.25,12,8.79,75.4
ENS,ahr_2021,2021-07-10 00:00:00,4.25,13,10.71,75.4
ENS,ahr_2021,2021-07-10 00:00:00,4.25,14,33.27,75.4
ENS,ahr_2021,2021-07-10 00:00:00,4.25,15,4.8,75.4
ENS,ahr_2021,2021-07-10 00:00:00,4.25,16,0.38,75.4
ENS,ahr_2021,2021-07-10 00:00:00,4.25,17,12.34,75.4
ENS,ahr_2021,2021-07-10 00:00:00,4.25,18,4.14,75.4
ENS,ahr_2021,2021-07-10 00:00:00,4.25,19,14.0,75.4
ENS,ahr_2021,2021-07-10 00:00:00,4.25,20,10.33,75.4
ENS,ahr_2021,2021-07-10 00:00:00,4.25,21,38.3,75.4
ENS,ahr_2021,2021-07-10 00:00:00,4.25,22,0.54,75.4
ENS,ahr_2021,2021-07-10 00:00:00,4.25,23,29.15,75.4
ENS,ahr_2021,2021-07-10 00:00:00,4.25,24,0.02,75.4
ENS,ahr_2021,2021-07-10 00:00:00,4.25,25,7.1,75.4
ENS,ahr_2021,2021-07-10 00:00:00,4.25,26,41.22,75.4
ENS,ahr_2021,2021-07-10 00:00:00,4.25,27,0.56,75.4
ENS,ahr_2021,2021-07-10 00:00:00,4.25,28,21.31,75.4
ENS,ahr_2021,2021-07-10 00:00:00,4.25,29,0.34,75.4
ENS,ahr_2021,2021-07-10 00:00:00,4.25,30,16.77,75.4
ENS,ahr_2021,2021-07-10 00:00:00,4.25,31,16.06,75.4
ENS,ahr_2021,2021-07-10 00:00:00,4.25,32,5.73,75.4
ENS,ahr_2021,2021-07-10 00:00:00,4.25,33,14.14,75.4
ENS,ahr_2021,2021-07-10 00:00:00,4.25,34,50.49,75.4
ENS,ahr_2021,2021-07-10 00:00:00,4.25,35,10.6,75.4
ENS,ahr_2021,2021-07-10 00:00:00,4.25,36,0.0,75.4
ENS,ahr_2021,2021-07-10 00:00:00,4.25,37,14.38,75.4
ENS,ahr_2021,2021-07-10 00:00:00,4.25,38,15.63,75.4
ENS,ahr_2021,2021-07-10 00:00:00,4.25,39,13.69,75.4
ENS,ahr_2021,2021-07-10 00:00:00,4.25,40,21.98,75.4
ENS,ahr_2021,2021-07-10 00:00:00,4.25,41,7.02,75.4
ENS,ahr_2021,2021-07-10 00:00:00,4.25,42,1.74,75.4
ENS,ahr_2021,2021-07-10 00:00:00,4.25,43,36.73,75.4
ENS,ahr_2021,2021-07-10 00:00:00,4.25,44,10.52,75.4
ENS,ahr_2021,2021-07-10 00:00:00,4.25,45,0.96,75.4
ENS,ahr_2021,2021-07-10 00:00:00,4.25,46,3.96,75.4
ENS,ahr_2021,2021-07-10 00:00:00,4.25,47,27.06,75.4
ENS,ahr_2021,2021-07-10 00:00:00,4.25,48,-0.0,75.4
ENS,ahr_2021,2021-07-10 00:00:00,4.25,49,0.17,75.4
ENS,ahr_2021,2021-07-10 00:00:00,4.25,50,11.63,75.4
ENS,vesdre_2021,2021-07-10 00:00:00,3.75,1,26.43,107.6
ENS,vesdre_2021,2021-07-10 00:00:00,3.75,2,21.97,107.6
ENS,vesdre_2021,2021-07-10 00:00:00,3.75,3,7.73,107.6
ENS,vesdre_2021,2021-07-10 00:00:00,3.75,4,3.16,107.6
ENS,vesdre_2021,2021-07-10 00:00:00,3.75,5,10.52,107.6
ENS,vesdre_2021,2021-07-10 00:00:00,3.75,6,12.25,107.6
ENS,vesdre_2021,2021-07-10 00:00:00,3.75,7,22.56,107.6
ENS,vesdre_2021,2021-07-10 00:00:00,3.75,8,0.21,107.6
ENS,vesdre_2021,2021-07-10 00:00:00,3.75,9,14.33,107.6
ENS,vesdre_2021,2021-07-10 00:00:00,3.75,10,57.42,107.6
ENS,vesdre_2021,2021-07-10 00:00:00,3.75,11,9.88,107.6
ENS,vesdre_2021,2021-07-10 00:00:00,3.75,12,23.64,107.6
ENS,vesdre_2021,2021-07-10 00:00:00,3.75,13,17.31,107.6
ENS,vesdre_2021,2021-07-10 00:00:00,3.75,14,18.19,107.6
ENS,vesdre_2021,2021-07-10 00:00:00,3.75,15,14.45,107.6
ENS,vesdre_2021,2021-07-10 00:00:00,3.75,16,31.5,107.6
ENS,vesdre_2021,2021-07-10 00:00:00,3.75,17,14.44,107.6
ENS,vesdre_2021,2021-07-10 00:00:00,3.75,18,5.67,107.6
ENS,vesdre_2021,2021-07-10 00:00:00,3.75,19,22.44,107.6
ENS,vesdre_2021,2021-07-10 00:00:00,3.75,20,5.89,107.6
ENS,vesdre_2021,2021-07-10 00:00:00,3.75,21,32.56,107.6
ENS,vesdre_2021,2021-07-10 00:00:00,3.75,22,0.64,107.6
ENS,vesdre_2021,2021-07-10 00:00:00,3.75,23,24.68,107.6
ENS,vesdre_2021,2021-07-10 00:00:00,3.75,24,9.64,107.6
ENS,vesdre_2021,2021-07-10 00:00:00,3.75,25,7.63,107.6
ENS,vesdre_2021,2021-07-10 00:00:00,3.75,26,53.61,107.6
ENS,vesdre_2021,2021-07-10 00:00:00,3.75,27,16.25,107.6
ENS,vesdre_2021,2021-07-10 00:00:00,3.75,28,54.81,107.6
ENS,vesdre_2021,2021-07-10 00:00:00,3.75,29,0.89,107.6
ENS,vesdre_2021,2021-07-10 00:00:00,3.75,30,21.37,107.6
ENS,vesdre_2021,2021-07-10 00:00:00,3.75,31,53.92,107.6
ENS,vesdre_2021,2021-07-10 00:00:00,3.75,32,6.35,107.6
ENS,vesdre_2021,2021-07-10 00:00:00,3.75,33,15.92,107.6
ENS,vesdre_2021,2021-07-10 00:00:00,3.75,34,19.68,107.6
ENS,vesdre_2021,2021-07-10 00:00:00,3.75,35,18.14,107.6
ENS,vesdre_2021,2021-07-10 00:00:00,3.75,36,0.0,107.6
ENS,vesdre_2021,2021-07-10 00:00:00,3.75,37,5.04,107.6
ENS,vesdre_2021,2021-07-10 00:00:00,3.75,38,11.62,107.6
ENS,vesdre_2021,2021-07-10 00:00:00,3.75,39,15.4,107.6
ENS,vesdre_2021,2021-07-10 00:00:00,3.75,40,9.54,107.6
ENS,vesdre_2021,2021-07-10 00:00:00,3.75,41,19.56,107.6
ENS,vesdre_2021,2021-07-10 00:00:00,3.75,42,4.88,107.6
ENS,vesdre_2021,2021-07-10 00:00:00,3.75,43,58.47,107.6
ENS,vesdre_2021,2021-07-10 00:00:00,3.75,44,7.52,107.6
ENS,vesdre_2021,2021-07-10 00:00:00,3.75,45,9.42,107.6
ENS,vesdre_2021,2021-07-10 00:00:00,3.75,46,13.14,107.6
ENS,vesdre_2021,2021-07-10 00:00:00,3.75,47,33.58,107.6
ENS,vesdre_2021,2021-07-10 00:00:00,3.75,48,0.04,107.6
ENS,vesdre_2021,2021-07-10 00:00:00,3.75,49,0.24,107.6
ENS,vesdre_2021,2021-07-10 00:00:00,3.75,50,8.92,107.6
ENS,alzette_2021,2021-07-10 12:00:00,3.75,1,19.49,74.5
ENS,alzette_2021,2021-07-10 12:00:00,3.75,2,1.65,74.5
ENS,alzette_2021,2021-07-10 12:00:00,3.75,3,1.64,74.5
ENS,alzette_2021,2021-07-10 12:00:00,3.75,4,27.95,74.5
ENS,alzette_2021,2021-07-10 12:00:00,3.75,5,15.04,74.5
ENS,alzette_2021,2021-07-10 12:00:00,3.75,6,10.56,74.5
ENS,alzette_2021,2021-07-10 12:00:00,3.75,7,7.73,74.5
ENS,alzette_2021,2021-07-10 12:00:00,3.75,8,14.38,74.5
ENS,alzette_2021,2021-07-10 12:00:00,3.75,9,18.19,74.5
ENS,alzette_2021,2021-07-10 12:00:00,3.75,10,36.49,74.5
ENS,alzette_2021,2021-07-10 12:00:00,3.75,11,0.69,74.5
ENS,alzette_2021,2021-07-10 12:00:00,3.75,12,8.3,74.5
ENS,alzette_2021,2021-07-10 12:00:00,3.75,13,14.15,74.5
ENS,alzette_2021,2021-07-10 12:00:00,3.75,14,10.31,74.5
ENS,alzette_2021,2021-07-10 12:00:00,3.75,15,10.7,74.5
ENS,alzette_2021,2021-07-10 12:00:00,3.75,16,16.13,74.5
ENS,alzette_2021,2021-07-10 12:00:00,3.75,17,21.6,74.5
ENS,alzette_2021,2021-07-10 12:00:00,3.75,18,11.07,74.5
ENS,alzette_2021,2021-07-10 12:00:00,3.75,19,0.75,74.5
ENS,alzette_2021,2021-07-10 12:00:00,3.75,20,2.76,74.5
ENS,alzette_2021,2021-07-10 12:00:00,3.75,21,12.05,74.5
ENS,alzette_2021,2021-07-10 12:00:00,3.75,22,14.9,74.5
ENS,alzette_2021,2021-07-10 12:00:00,3.75,23,7.57,74.5
ENS,alzette_2021,2021-07-10 12:00:00,3.75,24,3.18,74.5
ENS,alzette_2021,2021-07-10 12:00:00,3.75,25,28.58,74.5
ENS,alzette_2021,2021-07-10 12:00:00,3.75,26,2.85,74.5
ENS,alzette_2021,2021-07-10 12:00:00,3.75,27,2.8,74.5
ENS,alzette_2021,2021-07-10 12:00:00,3.75,28,43.69,74.5
ENS,alzette_2021,2021-07-10 12:00:00,3.75,29,14.46,74.5
ENS,alzette_2021,2021-07-10 12:00:00,3.75,30,0.25,74.5
ENS,alzette_2021,2021-07-10 12:00:00,3.75,31,0.14,74.5
ENS,alzette_2021,2021-07-10 12:00:00,3.75,32,20.73,74.5
ENS,alzette_2021,2021-07-10 12:00:00,3.75,33,36.37,74.5
ENS,alzette_2021,2021-07-10 12:00:00,3.75,34,1.27,74.5
ENS,alzette_2021,2021-07-10 12:00:00,3.75,35,20.22,74.5
ENS,alzette_2021,2021-07-10 12:00:00,3.75,36,1.55,74.5
ENS,alzette_2021,2021-07-10 12:00:00,3.75,37,11.58,74.5
ENS,alzette_2021,2021-07-10 12:00:00,3.75,38,14.1,74.5
ENS,alzette_2021,2021-07-10 12:00:00,3.75,39,6.95,74.5
ENS,alzette_2021,2021-07-10 12:00:00,3.75,40,2.78,74.5
ENS,alzette_2021,2021-07-10 12:00:00,3.75,41,3.64,74.5
ENS,alzette_2021,2021-07-10 12:00:00,3.75,42,5.63,74.5
ENS,alzette_2021,2021-07-10 12:00:00,3.75,43,6.14,74.5
ENS,alzette_2021,2021-07-10 12:00:00,3.75,44,1.69,74.5
ENS,alzette_2021,2021-07-10 12:00:00,3.75,45,15.59,74.5
ENS,alzette_2021,2021-07-10 12:00:00,3.75,46,15.64,74.5
ENS,alzette_2021,2021-07-10 12:00:00,3.75,47,6.69,74.5
ENS,alzette_2021,2021-07-10 12:00:00,3.75,48,9.82,74.5
ENS,alzette_2021,2021-07-10 12:00:00,3.75,49,32.09,74.5
ENS,alzette_2021,2021-07-10 12:00:00,3.75,50,9.63,74.5
ENS,ahr_2021,2021-07-10 12:00:00,3.75,1,35.98,75.4
ENS,ahr_2021,2021-07-10 12:00:00,3.75,2,0.04,75.4
ENS,ahr_2021,2021-07-10 12:00:00,3.75,3,3.28,75.4
ENS,ahr_2021,2021-07-10 12:00:00,3.75,4,14.34,75.4
ENS,ahr_2021,2021-07-10 12:00:00,3.75,5,4.71,75.4
ENS,ahr_2021,2021-07-10 12:00:00,3.75,6,12.53,75.4
ENS,ahr_2021,2021-07-10 12:00:00,3.75,7,9.58,75.4
ENS,ahr_2021,2021-07-10 12:00:00,3.75,8,12.59,75.4
ENS,ahr_2021,2021-07-10 12:00:00,3.75,9,39.43,75.4
ENS,ahr_2021,2021-07-10 12:00:00,3.75,10,60.2,75.4
ENS,ahr_2021,2021-07-10 12:00:00,3.75,11,1.73,75.4
ENS,ahr_2021,2021-07-10 12:00:00,3.75,12,11.38,75.4
ENS,ahr_2021,2021-07-10 12:00:00,3.75,13,21.04,75.4
ENS,ahr_2021,2021-07-10 12:00:00,3.75,14,21.01,75.4
ENS,ahr_2021,2021-07-10 12:00:00,3.75,15,11.15,75.4
ENS,ahr_2021,2021-07-10 12:00:00,3.75,16,12.93,75.4
ENS,ahr_2021,2021-07-10 12:00:00,3.75,17,52.38,75.4
ENS,ahr_2021,2021-07-10 12:00:00,3.75,18,26.85,75.4
ENS,ahr_2021,2021-07-10 12:00:00,3.75,19,4.25,75.4
ENS,ahr_2021,2021-07-10 12:00:00,3.75,20,1.8,75.4
ENS,ahr_2021,2021-07-10 12:00:00,3.75,21,5.89,75.4
ENS,ahr_2021,2021-07-10 12:00:00,3.75,22,17.71,75.4
ENS,ahr_2021,2021-07-10 12:00:00,3.75,23,9.42,75.4
ENS,ahr_2021,2021-07-10 12:00:00,3.75,24,3.81,75.4
ENS,ahr_2021,2021-07-10 12:00:00,3.75,25,20.6,75.4
ENS,ahr_2021,2021-07-10 12:00:00,3.75,26,6.21,75.4
ENS,ahr_2021,2021-07-10 12:00:00,3.75,27,0.18,75.4
ENS,ahr_2021,2021-07-10 12:00:00,3.75,28,26.91,75.4
ENS,ahr_2021,2021-07-10 12:00:00,3.75,29,21.92,75.4
ENS,ahr_2021,2021-07-10 12:00:00,3.75,30,4.72,75.4
ENS,ahr_2021,2021-07-10 12:00:00,3.75,31,0.0,75.4
ENS,ahr_2021,2021-07-10 12:00:00,3.75,32,16.33,75.4
ENS,ahr_2021,2021-07-10 12:00:00,3.75,33,34.6,75.4
ENS,ahr_2021,2021-07-10 12:00:00,3.75,34,0.89,75.4
ENS,ahr_2021,2021-07-10 12:00:00,3.75,35,11.96,75.4
ENS,ahr_2021,2021-07-10 12:00:00,3.75,36,7.63,75.4
ENS,ahr_2021,2021-07-10 12:00:00,3.75,37,12.73,75.4
ENS,ahr_2021,2021-07-10 12:00:00,3.75,38,11.72,75.4
ENS,ahr_2021,2021-07-10 12:00:00,3.75,39,13.2,75.4
ENS,ahr_2021,2021-07-10 12:00:00,3.75,40,1.7,75.4
ENS,ahr_2021,2021-07-10 12:00:00,3.75,41,3.14,75.4
ENS,ahr_2021,2021-07-10 12:00:00,3.75,42,6.27,75.4
ENS,ahr_2021,2021-07-10 12:00:00,3.75,43,9.21,75.4
ENS,ahr_2021,2021-07-10 12:00:00,3.75,44,1.1,75.4
ENS,ahr_2021,2021-07-10 12:00:00,3.75,45,7.25,75.4
ENS,ahr_2021,2021-07-10 12:00:00,3.75,46,31.32,75.4
ENS,ahr_2021,2021-07-10 12:00:00,3.75,47,4.26,75.4
ENS,ahr_2021,2021-07-10 12:00:00,3.75,48,10.2,75.4
ENS,ahr_2021,2021-07-10 12:00:00,3.75,49,32.23,75.4
ENS,ahr_2021,2021-07-10 12:00:00,3.75,50,6.7,75.4
ENS,vesdre_2021,2021-07-10 12:00:00,3.25,1,17.91,107.6
ENS,vesdre_2021,2021-07-10 12:00:00,3.25,2,0.41,107.6
ENS,vesdre_2021,2021-07-10 12:00:00,3.25,3,2.07,107.6
ENS,vesdre_2021,2021-07-10 12:00:00,3.25,4,40.2,107.6
ENS,vesdre_2021,2021-07-10 12:00:00,3.25,5,95.24,107.6
ENS,vesdre_2021,2021-07-10 12:00:00,3.25,6,36.53,107.6
ENS,vesdre_2021,2021-07-10 12:00:00,3.25,7,29.29,107.6
ENS,vesdre_2021,2021-07-10 12:00:00,3.25,8,49.06,107.6
ENS,vesdre_2021,2021-07-10 12:00:00,3.25,9,35.22,107.6
ENS,vesdre_2021,2021-07-10 12:00:00,3.25,10,28.52,107.6
ENS,vesdre_2021,2021-07-10 12:00:00,3.25,11,7.48,107.6
ENS,vesdre_2021,2021-07-10 12:00:00,3.25,12,15.4,107.6
ENS,vesdre_2021,2021-07-10 12:00:00,3.25,13,11.97,107.6
ENS,vesdre_2021,2021-07-10 12:00:00,3.25,14,17.94,107.6
ENS,vesdre_2021,2021-07-10 12:00:00,3.25,15,14.52,107.6
ENS,vesdre_2021,2021-07-10 12:00:00,3.25,16,32.8,107.6
ENS,vesdre_2021,2021-07-10 12:00:00,3.25,17,51.34,107.6
ENS,vesdre_2021,2021-07-10 12:00:00,3.25,18,17.79,107.6
ENS,vesdre_2021,2021-07-10 12:00:00,3.25,19,2.16,107.6
ENS,vesdre_2021,2021-07-10 12:00:00,3.25,20,1.05,107.6
ENS,vesdre_2021,2021-07-10 12:00:00,3.25,21,11.12,107.6
ENS,vesdre_2021,2021-07-10 12:00:00,3.25,22,24.03,107.6
ENS,vesdre_2021,2021-07-10 12:00:00,3.25,23,13.99,107.6
ENS,vesdre_2021,2021-07-10 12:00:00,3.25,24,1.17,107.6
ENS,vesdre_2021,2021-07-10 12:00:00,3.25,25,18.65,107.6
ENS,vesdre_2021,2021-07-10 12:00:00,3.25,26,14.48,107.6
ENS,vesdre_2021,2021-07-10 12:00:00,3.25,27,25.32,107.6
ENS,vesdre_2021,2021-07-10 12:00:00,3.25,28,41.88,107.6
ENS,vesdre_2021,2021-07-10 12:00:00,3.25,29,10.37,107.6
ENS,vesdre_2021,2021-07-10 12:00:00,3.25,30,1.94,107.6
ENS,vesdre_2021,2021-07-10 12:00:00,3.25,31,0.0,107.6
ENS,vesdre_2021,2021-07-10 12:00:00,3.25,32,37.78,107.6
ENS,vesdre_2021,2021-07-10 12:00:00,3.25,33,26.24,107.6
ENS,vesdre_2021,2021-07-10 12:00:00,3.25,34,1.65,107.6
ENS,vesdre_2021,2021-07-10 12:00:00,3.25,35,11.54,107.6
ENS,vesdre_2021,2021-07-10 12:00:00,3.25,36,5.99,107.6
ENS,vesdre_2021,2021-07-10 12:00:00,3.25,37,9.56,107.6
ENS,vesdre_2021,2021-07-10 12:00:00,3.25,38,20.27,107.6
ENS,vesdre_2021,2021-07-10 12:00:00,3.25,39,6.35,107.6
ENS,vesdre_2021,2021-07-10 12:00:00,3.25,40,0.43,107.6
ENS,vesdre_2021,2021-07-10 12:00:00,3.25,41,2.8,107.6
ENS,vesdre_2021,2021-07-10 12:00:00,3.25,42,7.19,107.6
ENS,vesdre_2021,2021-07-10 12:00:00,3.25,43,48.56,107.6
ENS,vesdre_2021,2021-07-10 12:00:00,3.25,44,12.46,107.6
ENS,vesdre_2021,2021-07-10 12:00:00,3.25,45,8.93,107.6
ENS,vesdre_2021,2021-07-10 12:00:00,3.25,46,17.73,107.6
ENS,vesdre_2021,2021-07-10 12:00:00,3.25,47,10.6,107.6
ENS,vesdre_2021,2021-07-10 12:00:00,3.25,48,20.23,107.6
ENS,vesdre_2021,2021-07-10 12:00:00,3.25,49,18.57,107.6
ENS,vesdre_2021,2021-07-10 12:00:00,3.25,50,12.74,107.6
ENS,alzette_2021,2021-07-11 00:00:00,3.25,1,0.96,74.5
ENS,alzette_2021,2021-07-11 00:00:00,3.25,2,2.27,74.5
ENS,alzette_2021,2021-07-11 00:00:00,3.25,3,27.23,74.5
ENS,alzette_2021,2021-07-11 00:00:00,3.25,4,37.82,74.5
ENS,alzette_2021,2021-07-11 00:00:00,3.25,5,13.34,74.5
ENS,alzette_2021,2021-07-11 00:00:00,3.25,6,8.32,74.5
ENS,alzette_2021,2021-07-11 00:00:00,3.25,7,11.79,74.5
ENS,alzette_2021,2021-07-11 00:00:00,3.25,8,23.13,74.5
ENS,alzette_2021,2021-07-11 00:00:00,3.25,9,0.01,74.5
ENS,alzette_2021,2021-07-11 00:00:00,3.25,10,13.85,74.5
ENS,alzette_2021,2021-07-11 00:00:00,3.25,11,31.06,74.5
ENS,alzette_2021,2021-07-11 00:00:00,3.25,12,12.23,74.5
ENS,alzette_2021,2021-07-11 00:00:00,3.25,13,7.01,74.5
ENS,alzette_2021,2021-07-11 00:00:00,3.25,14,3.29,74.5
ENS,alzette_2021,2021-07-11 00:00:00,3.25,15,10.51,74.5
ENS,alzette_2021,2021-07-11 00:00:00,3.25,16,14.68,74.5
ENS,alzette_2021,2021-07-11 00:00:00,3.25,17,20.27,74.5
ENS,alzette_2021,2021-07-11 00:00:00,3.25,18,3.53,74.5
ENS,alzette_2021,2021-07-11 00:00:00,3.25,19,19.97,74.5
ENS,alzette_2021,2021-07-11 00:00:00,3.25,20,30.66,74.5
ENS,alzette_2021,2021-07-11 00:00:00,3.25,21,0.42,74.5
ENS,alzette_2021,2021-07-11 00:00:00,3.25,22,40.95,74.5
ENS,alzette_2021,2021-07-11 00:00:00,3.25,23,29.04,74.5
ENS,alzette_2021,2021-07-11 00:00:00,3.25,24,1.96,74.5
ENS,alzette_2021,2021-07-11 00:00:00,3.25,25,9.92,74.5
ENS,alzette_2021,2021-07-11 00:00:00,3.25,26,20.32,74.5
ENS,alzette_2021,2021-07-11 00:00:00,3.25,27,21.03,74.5
ENS,alzette_2021,2021-07-11 00:00:00,3.25,28,18.44,74.5
ENS,alzette_2021,2021-07-11 00:00:00,3.25,29,12.31,74.5
ENS,alzette_2021,2021-07-11 00:00:00,3.25,30,0.04,74.5
ENS,alzette_2021,2021-07-11 00:00:00,3.25,31,11.02,74.5
ENS,alzette_2021,2021-07-11 00:00:00,3.25,32,1.06,74.5
ENS,alzette_2021,2021-07-11 00:00:00,3.25,33,10.47,74.5
ENS,alzette_2021,2021-07-11 00:00:00,3.25,34,1.17,74.5
ENS,alzette_2021,2021-07-11 00:00:00,3.25,35,19.6,74.5
ENS,alzette_2021,2021-07-11 00:00:00,3.25,36,20.58,74.5
ENS,alzette_2021,2021-07-11 00:00:00,3.25,37,22.83,74.5
ENS,alzette_2021,2021-07-11 00:00:00,3.25,38,13.42,74.5
ENS,alzette_2021,2021-07-11 00:00:00,3.25,39,2.46,74.5
ENS,alzette_2021,2021-07-11 00:00:00,3.25,40,2.63,74.5
ENS,alzette_2021,2021-07-11 00:00:00,3.25,41,4.04,74.5
ENS,alzette_2021,2021-07-11 00:00:00,3.25,42,1.62,74.5
ENS,alzette_2021,2021-07-11 00:00:00,3.25,43,19.84,74.5
ENS,alzette_2021,2021-07-11 00:00:00,3.25,44,25.81,74.5
ENS,alzette_2021,2021-07-11 00:00:00,3.25,45,39.25,74.5
ENS,alzette_2021,2021-07-11 00:00:00,3.25,46,12.0,74.5
ENS,alzette_2021,2021-07-11 00:00:00,3.25,47,0.42,74.5
ENS,alzette_2021,2021-07-11 00:00:00,3.25,48,7.43,74.5
ENS,alzette_2021,2021-07-11 00:00:00,3.25,49,7.84,74.5
ENS,alzette_2021,2021-07-11 00:00:00,3.25,50,15.06,74.5
ENS,ahr_2021,2021-07-11 00:00:00,3.25,1,2.52,75.4
ENS,ahr_2021,2021-07-11 00:00:00,3.25,2,0.48,75.4
ENS,ahr_2021,2021-07-11 00:00:00,3.25,3,16.01,75.4
ENS,ahr_2021,2021-07-11 00:00:00,3.25,4,40.94,75.4
ENS,ahr_2021,2021-07-11 00:00:00,3.25,5,22.46,75.4
ENS,ahr_2021,2021-07-11 00:00:00,3.25,6,4.39,75.4
ENS,ahr_2021,2021-07-11 00:00:00,3.25,7,17.25,75.4
ENS,ahr_2021,2021-07-11 00:00:00,3.25,8,34.22,75.4
ENS,ahr_2021,2021-07-11 00:00:00,3.25,9,0.04,75.4
ENS,ahr_2021,2021-07-11 00:00:00,3.25,10,14.89,75.4
ENS,ahr_2021,2021-07-11 00:00:00,3.25,11,25.29,75.4
ENS,ahr_2021,2021-07-11 00:00:00,3.25,12,17.53,75.4
ENS,ahr_2021,2021-07-11 00:00:00,3.25,13,10.64,75.4
ENS,ahr_2021,2021-07-11 00:00:00,3.25,14,5.91,75.4
ENS,ahr_2021,2021-07-11 00:00:00,3.25,15,19.76,75.4
ENS,ahr_2021,2021-07-11 00:00:00,3.25,16,23.76,75.4
ENS,ahr_2021,2021-07-11 00:00:00,3.25,17,35.5,75.4
ENS,ahr_2021,2021-07-11 00:00:00,3.25,18,5.44,75.4
ENS,ahr_2021,2021-07-11 00:00:00,3.25,19,25.38,75.4
ENS,ahr_2021,2021-07-11 00:00:00,3.25,20,65.81,75.4
ENS,ahr_2021,2021-07-11 00:00:00,3.25,21,0.02,75.4
ENS,ahr_2021,2021-07-11 00:00:00,3.25,22,15.6,75.4
ENS,ahr_2021,2021-07-11 00:00:00,3.25,23,11.24,75.4
ENS,ahr_2021,2021-07-11 00:00:00,3.25,24,6.48,75.4
ENS,ahr_2021,2021-07-11 00:00:00,3.25,25,13.18,75.4
ENS,ahr_2021,2021-07-11 00:00:00,3.25,26,36.16,75.4
ENS,ahr_2021,2021-07-11 00:00:00,3.25,27,20.45,75.4
ENS,ahr_2021,2021-07-11 00:00:00,3.25,28,29.53,75.4
ENS,ahr_2021,2021-07-11 00:00:00,3.25,29,15.17,75.4
ENS,ahr_2021,2021-07-11 00:00:00,3.25,30,0.12,75.4
ENS,ahr_2021,2021-07-11 00:00:00,3.25,31,9.84,75.4
ENS,ahr_2021,2021-07-11 00:00:00,3.25,32,2.1,75.4
ENS,ahr_2021,2021-07-11 00:00:00,3.25,33,22.34,75.4
ENS,ahr_2021,2021-07-11 00:00:00,3.25,34,0.56,75.4
ENS,ahr_2021,2021-07-11 00:00:00,3.25,35,13.62,75.4
ENS,ahr_2021,2021-07-11 00:00:00,3.25,36,26.17,75.4
ENS,ahr_2021,2021-07-11 00:00:00,3.25,37,22.5,75.4
ENS,ahr_2021,2021-07-11 00:00:00,3.25,38,8.31,75.4
ENS,ahr_2021,2021-07-11 00:00:00,3.25,39,6.92,75.4
ENS,ahr_2021,2021-07-11 00:00:00,3.25,40,0.63,75.4
ENS,ahr_2021,2021-07-11 00:00:00,3.25,41,1.31,75.4
ENS,ahr_2021,2021-07-11 00:00:00,3.25,42,0.88,75.4
ENS,ahr_2021,2021-07-11 00:00:00,3.25,43,18.69,75.4
ENS,ahr_2021,2021-07-11 00:00:00,3.25,44,23.24,75.4
ENS,ahr_2021,2021-07-11 00:00:00,3.25,45,33.37,75.4
ENS,ahr_2021,2021-07-11 00:00:00,3.25,46,16.78,75.4
ENS,ahr_2021,2021-07-11 00:00:00,3.25,47,3.09,75.4
ENS,ahr_2021,2021-07-11 00:00:00,3.25,48,12.14,75.4
ENS,ahr_2021,2021-07-11 00:00:00,3.25,49,7.54,75.4
ENS,ahr_2021,2021-07-11 00:00:00,3.25,50,10.67,75.4
ENS,vesdre_2021,2021-07-11 00:00:00,2.75,1,17.87,107.6
ENS,vesdre_2021,2021-07-11 00:00:00,2.75,2,31.52,107.6
ENS,vesdre_2021,2021-07-11 00:00:00,2.75,3,23.69,107.6
ENS,vesdre_2021,2021-07-11 00:00:00,2.75,4,27.89,107.6
ENS,vesdre_2021,2021-07-11 00:00:00,2.75,5,13.54,107.6
ENS,vesdre_2021,2021-07-11 00:00:00,2.75,6,44.02,107.6
ENS,vesdre_2021,2021-07-11 00:00:00,2.75,7,9.32,107.6
ENS,vesdre_2021,2021-07-11 00:00:00,2.75,8,57.47,107.6
ENS,vesdre_2021,2021-07-11 00:00:00,2.75,9,0.38,107.6
ENS,vesdre_2021,2021-07-11 00:00:00,2.75,10,31.5,107.6
ENS,vesdre_2021,2021-07-11 00:00:00,2.75,11,44.75,107.6
ENS,vesdre_2021,2021-07-11 00:00:00,2.75,12,22.6,107.6
ENS,vesdre_2021,2021-07-11 00:00:00,2.75,13,4.27,107.6
ENS,vesdre_2021,2021-07-11 00:00:00,2.75,14,70.25,107.6
ENS,vesdre_2021,2021-07-11 00:00:00,2.75,15,20.89,107.6
ENS,vesdre_2021,2021-07-11 00:00:00,2.75,16,36.89,107.6
ENS,vesdre_2021,2021-07-11 00:00:00,2.75,17,25.74,107.6
ENS,vesdre_2021,2021-07-11 00:00:00,2.75,18,6.95,107.6
ENS,vesdre_2021,2021-07-11 00:00:00,2.75,19,50.67,107.6
ENS,vesdre_2021,2021-07-11 00:00:00,2.75,20,23.16,107.6
ENS,vesdre_2021,2021-07-11 00:00:00,2.75,21,2.94,107.6
ENS,vesdre_2021,2021-07-11 00:00:00,2.75,22,35.41,107.6
ENS,vesdre_2021,2021-07-11 00:00:00,2.75,23,63.14,107.6
ENS,vesdre_2021,2021-07-11 00:00:00,2.75,24,7.32,107.6
ENS,vesdre_2021,2021-07-11 00:00:00,2.75,25,21.2,107.6
ENS,vesdre_2021,2021-07-11 00:00:00,2.75,26,30.54,107.6
ENS,vesdre_2021,2021-07-11 00:00:00,2.75,27,19.88,107.6
ENS,vesdre_2021,2021-07-11 00:00:00,2.75,28,27.88,107.6
ENS,vesdre_2021,2021-07-11 00:00:00,2.75,29,36.86,107.6
ENS,vesdre_2021,2021-07-11 00:00:00,2.75,30,6.16,107.6
ENS,vesdre_2021,2021-07-11 00:00:00,2.75,31,70.67,107.6
ENS,vesdre_2021,2021-07-11 00:00:00,2.75,32,10.08,107.6
ENS,vesdre_2021,2021-07-11 00:00:00,2.75,33,44.77,107.6
ENS,vesdre_2021,2021-07-11 00:00:00,2.75,34,2.78,107.6
ENS,vesdre_2021,2021-07-11 00:00:00,2.75,35,75.05,107.6
ENS,vesdre_2021,2021-07-11 00:00:00,2.75,36,47.74,107.6
ENS,vesdre_2021,2021-07-11 00:00:00,2.75,37,25.4,107.6
ENS,vesdre_2021,2021-07-11 00:00:00,2.75,38,30.64,107.6
ENS,vesdre_2021,2021-07-11 00:00:00,2.75,39,3.28,107.6
ENS,vesdre_2021,2021-07-11 00:00:00,2.75,40,53.62,107.6
ENS,vesdre_2021,2021-07-11 00:00:00,2.75,41,11.23,107.6
ENS,vesdre_2021,2021-07-11 00:00:00,2.75,42,2.23,107.6
ENS,vesdre_2021,2021-07-11 00:00:00,2.75,43,48.32,107.6
ENS,vesdre_2021,2021-07-11 00:00:00,2.75,44,64.36,107.6
ENS,vesdre_2021,2021-07-11 00:00:00,2.75,45,60.25,107.6
ENS,vesdre_2021,2021-07-11 00:00:00,2.75,46,49.62,107.6
ENS,vesdre_2021,2021-07-11 00:00:00,2.75,47,26.47,107.6
ENS,vesdre_2021,2021-07-11 00:00:00,2.75,48,19.3,107.6
ENS,vesdre_2021,2021-07-11 00:00:00,2.75,49,56.48,107.6
ENS,vesdre_2021,2021-07-11 00:00:00,2.75,50,44.57,107.6
ENS,alzette_2021,2021-07-11 12:00:00,2.75,1,26.13,74.5
ENS,alzette_2021,2021-07-11 12:00:00,2.75,2,17.29,74.5
ENS,alzette_2021,2021-07-11 12:00:00,2.75,3,64.28,74.5
ENS,alzette_2021,2021-07-11 12:00:00,2.75,4,2.92,74.5
ENS,alzette_2021,2021-07-11 12:00:00,2.75,5,21.91,74.5
ENS,alzette_2021,2021-07-11 12:00:00,2.75,6,29.86,74.5
ENS,alzette_2021,2021-07-11 12:00:00,2.75,7,4.7,74.5
ENS,alzette_2021,2021-07-11 12:00:00,2.75,8,5.12,74.5
ENS,alzette_2021,2021-07-11 12:00:00,2.75,9,28.87,74.5
ENS,alzette_2021,2021-07-11 12:00:00,2.75,10,6.68,74.5
ENS,alzette_2021,2021-07-11 12:00:00,2.75,11,19.33,74.5
ENS,alzette_2021,2021-07-11 12:00:00,2.75,12,17.76,74.5
ENS,alzette_2021,2021-07-11 12:00:00,2.75,13,13.24,74.5
ENS,alzette_2021,2021-07-11 12:00:00,2.75,14,16.25,74.5
ENS,alzette_2021,2021-07-11 12:00:00,2.75,15,13.73,74.5
ENS,alzette_2021,2021-07-11 12:00:00,2.75,16,33.22,74.5
ENS,alzette_2021,2021-07-11 12:00:00,2.75,17,10.44,74.5
ENS,alzette_2021,2021-07-11 12:00:00,2.75,18,30.97,74.5
ENS,alzette_2021,2021-07-11 12:00:00,2.75,19,24.25,74.5
ENS,alzette_2021,2021-07-11 12:00:00,2.75,20,23.13,74.5
ENS,alzette_2021,2021-07-11 12:00:00,2.75,21,20.57,74.5
ENS,alzette_2021,2021-07-11 12:00:00,2.75,22,1.73,74.5
ENS,alzette_2021,2021-07-11 12:00:00,2.75,23,6.79,74.5
ENS,alzette_2021,2021-07-11 12:00:00,2.75,24,15.03,74.5
ENS,alzette_2021,2021-07-11 12:00:00,2.75,25,15.45,74.5
ENS,alzette_2021,2021-07-11 12:00:00,2.75,26,4.6,74.5
ENS,alzette_2021,2021-07-11 12:00:00,2.75,27,7.82,74.5
ENS,alzette_2021,2021-07-11 12:00:00,2.75,28,12.86,74.5
ENS,alzette_2021,2021-07-11 12:00:00,2.75,29,0.84,74.5
ENS,alzette_2021,2021-07-11 12:00:00,2.75,30,18.01,74.5
ENS,alzette_2021,2021-07-11 12:00:00,2.75,31,5.14,74.5
ENS,alzette_2021,2021-07-11 12:00:00,2.75,32,10.72,74.5
ENS,alzette_2021,2021-07-11 12:00:00,2.75,33,29.47,74.5
ENS,alzette_2021,2021-07-11 12:00:00,2.75,34,13.02,74.5
ENS,alzette_2021,2021-07-11 12:00:00,2.75,35,1.19,74.5
ENS,alzette_2021,2021-07-11 12:00:00,2.75,36,5.42,74.5
ENS,alzette_2021,2021-07-11 12:00:00,2.75,37,11.59,74.5
ENS,alzette_2021,2021-07-11 12:00:00,2.75,38,2.37,74.5
ENS,alzette_2021,2021-07-11 12:00:00,2.75,39,21.49,74.5
ENS,alzette_2021,2021-07-11 12:00:00,2.75,40,14.91,74.5
ENS,alzette_2021,2021-07-11 12:00:00,2.75,41,15.07,74.5
ENS,alzette_2021,2021-07-11 12:00:00,2.75,42,9.44,74.5
ENS,alzette_2021,2021-07-11 12:00:00,2.75,43,1.5,74.5
ENS,alzette_2021,2021-07-11 12:00:00,2.75,44,9.82,74.5
ENS,alzette_2021,2021-07-11 12:00:00,2.75,45,15.69,74.5
ENS,alzette_2021,2021-07-11 12:00:00,2.75,46,4.43,74.5
ENS,alzette_2021,2021-07-11 12:00:00,2.75,47,33.11,74.5
ENS,alzette_2021,2021-07-11 12:00:00,2.75,48,11.77,74.5
ENS,alzette_2021,2021-07-11 12:00:00,2.75,49,6.15,74.5
ENS,alzette_2021,2021-07-11 12:00:00,2.75,50,0.48,74.5
ENS,ahr_2021,2021-07-11 12:00:00,2.75,1,6.43,75.4
ENS,ahr_2021,2021-07-11 12:00:00,2.75,2,13.18,75.4
ENS,ahr_2021,2021-07-11 12:00:00,2.75,3,34.27,75.4
ENS,ahr_2021,2021-07-11 12:00:00,2.75,4,2.61,75.4
ENS,ahr_2021,2021-07-11 12:00:00,2.75,5,25.41,75.4
ENS,ahr_2021,2021-07-11 12:00:00,2.75,6,17.11,75.4
ENS,ahr_2021,2021-07-11 12:00:00,2.75,7,3.96,75.4
ENS,ahr_2021,2021-07-11 12:00:00,2.75,8,14.36,75.4
ENS,ahr_2021,2021-07-11 12:00:00,2.75,9,17.07,75.4
ENS,ahr_2021,2021-07-11 12:00:00,2.75,10,2.44,75.4
ENS,ahr_2021,2021-07-11 12:00:00,2.75,11,22.18,75.4
ENS,ahr_2021,2021-07-11 12:00:00,2.75,12,23.01,75.4
ENS,ahr_2021,2021-07-11 12:00:00,2.75,13,23.59,75.4
ENS,ahr_2021,2021-07-11 12:00:00,2.75,14,19.59,75.4
ENS,ahr_2021,2021-07-11 12:00:00,2.75,15,9.78,75.4
ENS,ahr_2021,2021-07-11 12:00:00,2.75,16,22.43,75.4
ENS,ahr_2021,2021-07-11 12:00:00,2.75,17,16.35,75.4
ENS,ahr_2021,2021-07-11 12:00:00,2.75,18,38.36,75.4
ENS,ahr_2021,2021-07-11 12:00:00,2.75,19,13.78,75.4
ENS,ahr_2021,2021-07-11 12:00:00,2.75,20,47.85,75.4
ENS,ahr_2021,2021-07-11 12:00:00,2.75,21,6.81,75.4
ENS,ahr_2021,2021-07-11 12:00:00,2.75,22,3.49,75.4
ENS,ahr_2021,2021-07-11 12:00:00,2.75,23,5.34,75.4
ENS,ahr_2021,2021-07-11 12:00:00,2.75,24,12.04,75.4
ENS,ahr_2021,2021-07-11 12:00:00,2.75,25,18.46,75.4
ENS,ahr_2021,2021-07-11 12:00:00,2.75,26,3.82,75.4
ENS,ahr_2021,2021-07-11 12:00:00,2.75,27,14.29,75.4
ENS,ahr_2021,2021-07-11 12:00:00,2.75,28,9.03,75.4
ENS,ahr_2021,2021-07-11 12:00:00,2.75,29,0.94,75.4
ENS,ahr_2021,2021-07-11 12:00:00,2.75,30,40.01,75.4
ENS,ahr_2021,2021-07-11 12:00:00,2.75,31,6.56,75.4
ENS,ahr_2021,2021-07-11 12:00:00,2.75,32,14.29,75.4
ENS,ahr_2021,2021-07-11 12:00:00,2.75,33,17.01,75.4
ENS,ahr_2021,2021-07-11 12:00:00,2.75,34,39.11,75.4
ENS,ahr_2021,2021-07-11 12:00:00,2.75,35,2.5,75.4
ENS,ahr_2021,2021-07-11 12:00:00,2.75,36,12.8,75.4
ENS,ahr_2021,2021-07-11 12:00:00,2.75,37,9.19,75.4
ENS,ahr_2021,2021-07-11 12:00:00,2.75,38,1.38,75.4
ENS,ahr_2021,2021-07-11 12:00:00,2.75,39,21.41,75.4
ENS,ahr_2021,2021-07-11 12:00:00,2.75,40,22.62,75.4
ENS,ahr_2021,2021-07-11 12:00:00,2.75,41,24.96,75.4
ENS,ahr_2021,2021-07-11 12:00:00,2.75,42,19.34,75.4
ENS,ahr_2021,2021-07-11 12:00:00,2.75,43,4.19,75.4
ENS,ahr_2021,2021-07-11 12:00:00,2.75,44,18.58,75.4
ENS,ahr_2021,2021-07-11 12:00:00,2.75,45,30.86,75.4
ENS,ahr_2021,2021-07-11 12:00:00,2.75,46,9.59,75.4
ENS,ahr_2021,2021-07-11 12:00:00,2.75,47,28.18,75.4
ENS,ahr_2021,2021-07-11 12:00:00,2.75,48,3.28,75.4
ENS,ahr_2021,2021-07-11 12:00:00,2.75,49,9.64,75.4
ENS,ahr_2021,2021-07-11 12:00:00,2.75,50,1.96,75.4
ENS,vesdre_2021,2021-07-11 12:00:00,2.25,1,69.81,107.6
ENS,vesdre_2021,2021-07-11 12:00:00,2.25,2,65.8,107.6
ENS,vesdre_2021,2021-07-11 12:00:00,2.25,3,35.02,107.6
ENS,vesdre_2021,2021-07-11 12:00:00,2.25,4,4.98,107.6
ENS,vesdre_2021,2021-07-11 12:00:00,2.25,5,47.86,107.6
ENS,vesdre_2021,2021-07-11 12:00:00,2.25,6,48.86,107.6
ENS,vesdre_2021,2021-07-11 12:00:00,2.25,7,9.25,107.6
ENS,vesdre_2021,2021-07-11 12:00:00,2.25,8,10.79,107.6
ENS,vesdre_2021,2021-07-11 12:00:00,2.25,9,14.41,107.6
ENS,vesdre_2021,2021-07-11 12:00:00,2.25,10,14.92,107.6
ENS,vesdre_2021,2021-07-11 12:00:00,2.25,11,48.72,107.6
ENS,vesdre_2021,2021-07-11 12:00:00,2.25,12,59.77,107.6
ENS,vesdre_2021,2021-07-11 12:00:00,2.25,13,50.63,107.6
ENS,vesdre_2021,2021-07-11 12:00:00,2.25,14,57.61,107.6
ENS,vesdre_2021,2021-07-11 12:00:00,2.25,15,18.77,107.6
ENS,vesdre_2021,2021-07-11 12:00:00,2.25,16,45.54,107.6
ENS,vesdre_2021,2021-07-11 12:00:00,2.25,17,90.29,107.6
ENS,vesdre_2021,2021-07-11 12:00:00,2.25,18,38.95,107.6
ENS,vesdre_2021,2021-07-11 12:00:00,2.25,19,34.48,107.6
ENS,vesdre_2021,2021-07-11 12:00:00,2.25,20,40.13,107.6
ENS,vesdre_2021,2021-07-11 12:00:00,2.25,21,47.98,107.6
ENS,vesdre_2021,2021-07-11 12:00:00,2.25,22,19.79,107.6
ENS,vesdre_2021,2021-07-11 12:00:00,2.25,23,4.48,107.6
ENS,vesdre_2021,2021-07-11 12:00:00,2.25,24,36.75,107.6
ENS,vesdre_2021,2021-07-11 12:00:00,2.25,25,51.9,107.6
ENS,vesdre_2021,2021-07-11 12:00:00,2.25,26,20.99,107.6
ENS,vesdre_2021,2021-07-11 12:00:00,2.25,27,39.32,107.6
ENS,vesdre_2021,2021-07-11 12:00:00,2.25,28,53.86,107.6
ENS,vesdre_2021,2021-07-11 12:00:00,2.25,29,8.41,107.6
ENS,vesdre_2021,2021-07-11 12:00:00,2.25,30,32.13,107.6
ENS,vesdre_2021,2021-07-11 12:00:00,2.25,31,18.26,107.6
ENS,vesdre_2021,2021-07-11 12:00:00,2.25,32,46.17,107.6
ENS,vesdre_2021,2021-07-11 12:00:00,2.25,33,53.59,107.6
ENS,vesdre_2021,2021-07-11 12:00:00,2.25,34,15.1,107.6
ENS,vesdre_2021,2021-07-11 12:00:00,2.25,35,1.83,107.6
ENS,vesdre_2021,2021-07-11 12:00:00,2.25,36,42.84,107.6
ENS,vesdre_2021,2021-07-11 12:00:00,2.25,37,41.45,107.6
ENS,vesdre_2021,2021-07-11 12:00:00,2.25,38,32.83,107.6
ENS,vesdre_2021,2021-07-11 12:00:00,2.25,39,70.73,107.6
ENS,vesdre_2021,2021-07-11 12:00:00,2.25,40,24.34,107.6
ENS,vesdre_2021,2021-07-11 12:00:00,2.25,41,17.46,107.6
ENS,vesdre_2021,2021-07-11 12:00:00,2.25,42,39.34,107.6
ENS,vesdre_2021,2021-07-11 12:00:00,2.25,43,3.45,107.6
ENS,vesdre_2021,2021-07-11 12:00:00,2.25,44,38.01,107.6
ENS,vesdre_2021,2021-07-11 12:00:00,2.25,45,30.73,107.6
ENS,vesdre_2021,2021-07-11 12:00:00,2.25,46,14.25,107.6
ENS,vesdre_2021,2021-07-11 12:00:00,2.25,47,80.33,107.6
ENS,vesdre_2021,2021-07-11 12:00:00,2.25,48,12.09,107.6
ENS,vesdre_2021,2021-07-11 12:00:00,2.25,49,18.85,107.6
ENS,vesdre_2021,2021-07-11 12:00:00,2.25,50,24.47,107.6
ENS,alzette_2021,2021-07-12 00:00:00,2.25,1,68.34,74.5
ENS,alzette_2021,2021-07-12 00:00:00,2.25,2,19.09,74.5
ENS,alzette_2021,2021-07-12 00:00:00,2.25,3,40.19,74.5
ENS,alzette_2021,2021-07-12 00:00:00,2.25,4,27.74,74.5
ENS,alzette_2021,2021-07-12 00:00:00,2.25,5,79.64,74.5
ENS,alzette_2021,2021-07-12 00:00:00,2.25,6,10.21,74.5
ENS,alzette_2021,2021-07-12 00:00:00,2.25,7,29.56,74.5
ENS,alzette_2021,2021-07-12 00:00:00,2.25,8,2.76,74.5
ENS,alzette_2021,2021-07-12 00:00:00,2.25,9,6.34,74.5
ENS,alzette_2021,2021-07-12 00:00:00,2.25,10,14.4,74.5
ENS,alzette_2021,2021-07-12 00:00:00,2.25,11,20.59,74.5
ENS,alzette_2021,2021-07-12 00:00:00,2.25,12,41.42,74.5
ENS,alzette_2021,2021-07-12 00:00:00,2.25,13,18.03,74.5
ENS,alzette_2021,2021-07-12 00:00:00,2.25,14,37.72,74.5
ENS,alzette_2021,2021-07-12 00:00:00,2.25,15,32.54,74.5
ENS,alzette_2021,2021-07-12 00:00:00,2.25,16,0.1,74.5
ENS,alzette_2021,2021-07-12 00:00:00,2.25,17,40.24,74.5
ENS,alzette_2021,2021-07-12 00:00:00,2.25,18,56.63,74.5
ENS,alzette_2021,2021-07-12 00:00:00,2.25,19,1.15,74.5
ENS,alzette_2021,2021-07-12 00:00:00,2.25,20,34.62,74.5
ENS,alzette_2021,2021-07-12 00:00:00,2.25,21,24.93,74.5
ENS,alzette_2021,2021-07-12 00:00:00,2.25,22,18.32,74.5
ENS,alzette_2021,2021-07-12 00:00:00,2.25,23,10.46,74.5
ENS,alzette_2021,2021-07-12 00:00:00,2.25,24,2.57,74.5
ENS,alzette_2021,2021-07-12 00:00:00,2.25,25,42.25,74.5
ENS,alzette_2021,2021-07-12 00:00:00,2.25,26,20.37,74.5
ENS,alzette_2021,2021-07-12 00:00:00,2.25,27,18.15,74.5
ENS,alzette_2021,2021-07-12 00:00:00,2.25,28,44.92,74.5
ENS,alzette_2021,2021-07-12 00:00:00,2.25,29,6.87,74.5
ENS,alzette_2021,2021-07-12 00:00:00,2.25,30,1.15,74.5
ENS,alzette_2021,2021-07-12 00:00:00,2.25,31,29.92,74.5
ENS,alzette_2021,2021-07-12 00:00:00,2.25,32,32.72,74.5
ENS,alzette_2021,2021-07-12 00:00:00,2.25,33,10.17,74.5
ENS,alzette_2021,2021-07-12 00:00:00,2.25,34,13.84,74.5
ENS,alzette_2021,2021-07-12 00:00:00,2.25,35,8.5,74.5
ENS,alzette_2021,2021-07-12 00:00:00,2.25,36,62.46,74.5
ENS,alzette_2021,2021-07-12 00:00:00,2.25,37,21.52,74.5
ENS,alzette_2021,2021-07-12 00:00:00,2.25,38,3.9,74.5
ENS,alzette_2021,2021-07-12 00:00:00,2.25,39,28.59,74.5
ENS,alzette_2021,2021-07-12 00:00:00,2.25,40,38.34,74.5
ENS,alzette_2021,2021-07-12 00:00:00,2.25,41,51.34,74.5
ENS,alzette_2021,2021-07-12 00:00:00,2.25,42,29.06,74.5
ENS,alzette_2021,2021-07-12 00:00:00,2.25,43,50.2,74.5
ENS,alzette_2021,2021-07-12 00:00:00,2.25,44,9.31,74.5
ENS,alzette_2021,2021-07-12 00:00:00,2.25,45,95.01,74.5
ENS,alzette_2021,2021-07-12 00:00:00,2.25,46,37.97,74.5
ENS,alzette_2021,2021-07-12 00:00:00,2.25,47,27.34,74.5
ENS,alzette_2021,2021-07-12 00:00:00,2.25,48,24.74,74.5
ENS,alzette_2021,2021-07-12 00:00:00,2.25,49,18.38,74.5
ENS,alzette_2021,2021-07-12 00:00:00,2.25,50,24.84,74.5
ENS,ahr_2021,2021-07-12 00:00:00,2.25,1,28.58,75.4
ENS,ahr_2021,2021-07-12 00:00:00,2.25,2,48.37,75.4
ENS,ahr_2021,2021-07-12 00:00:00,2.25,3,52.14,75.4
ENS,ahr_2021,2021-07-12 00:00:00,2.25,4,43.59,75.4
ENS,ahr_2021,2021-07-12 00:00:00,2.25,5,22.97,75.4
ENS,ahr_2021,2021-07-12 00:00:00,2.25,6,13.36,75.4
ENS,ahr_2021,2021-07-12 00:00:00,2.25,7,28.11,75.4
ENS,ahr_2021,2021-07-12 00:00:00,2.25,8,10.0,75.4
ENS,ahr_2021,2021-07-12 00:00:00,2.25,9,5.39,75.4
ENS,ahr_2021,2021-07-12 00:00:00,2.25,10,3.16,75.4
ENS,ahr_2021,2021-07-12 00:00:00,2.25,11,62.1,75.4
ENS,ahr_2021,2021-07-12 00:00:00,2.25,12,27.8,75.4
ENS,ahr_2021,2021-07-12 00:00:00,2.25,13,25.38,75.4
ENS,ahr_2021,2021-07-12 00:00:00,2.25,14,65.08,75.4
ENS,ahr_2021,2021-07-12 00:00:00,2.25,15,40.16,75.4
ENS,ahr_2021,2021-07-12 00:00:00,2.25,16,0.58,75.4
ENS,ahr_2021,2021-07-12 00:00:00,2.25,17,60.07,75.4
ENS,ahr_2021,2021-07-12 00:00:00,2.25,18,21.17,75.4
ENS,ahr_2021,2021-07-12 00:00:00,2.25,19,3.44,75.4
ENS,ahr_2021,2021-07-12 00:00:00,2.25,20,36.49,75.4
ENS,ahr_2021,2021-07-12 00:00:00,2.25,21,10.22,75.4
ENS,ahr_2021,2021-07-12 00:00:00,2.25,22,14.47,75.4
ENS,ahr_2021,2021-07-12 00:00:00,2.25,23,7.4,75.4
ENS,ahr_2021,2021-07-12 00:00:00,2.25,24,7.17,75.4
ENS,ahr_2021,2021-07-12 00:00:00,2.25,25,56.05,75.4
ENS,ahr_2021,2021-07-12 00:00:00,2.25,26,14.04,75.4
ENS,ahr_2021,2021-07-12 00:00:00,2.25,27,21.58,75.4
ENS,ahr_2021,2021-07-12 00:00:00,2.25,28,54.07,75.4
ENS,ahr_2021,2021-07-12 00:00:00,2.25,29,25.78,75.4
ENS,ahr_2021,2021-07-12 00:00:00,2.25,30,0.29,75.4
ENS,ahr_2021,2021-07-12 00:00:00,2.25,31,81.46,75.4
ENS,ahr_2021,2021-07-12 00:00:00,2.25,32,49.42,75.4
ENS,ahr_2021,2021-07-12 00:00:00,2.25,33,7.09,75.4
ENS,ahr_2021,2021-07-12 00:00:00,2.25,34,21.81,75.4
ENS,ahr_2021,2021-07-12 00:00:00,2.25,35,9.52,75.4
ENS,ahr_2021,2021-07-12 00:00:00,2.25,36,50.37,75.4
ENS,ahr_2021,2021-07-12 00:00:00,2.25,37,23.18,75.4
ENS,ahr_2021,2021-07-12 00:00:00,2.25,38,7.18,75.4
ENS,ahr_2021,2021-07-12 00:00:00,2.25,39,43.31,75.4
ENS,ahr_2021,2021-07-12 00:00:00,2.25,40,42.1,75.4
ENS,ahr_2021,2021-07-12 00:00:00,2.25,41,83.35,75.4
ENS,ahr_2021,2021-07-12 00:00:00,2.25,42,24.95,75.4
ENS,ahr_2021,2021-07-12 00:00:00,2.25,43,70.01,75.4
ENS,ahr_2021,2021-07-12 00:00:00,2.25,44,9.29,75.4
ENS,ahr_2021,2021-07-12 00:00:00,2.25,45,32.61,75.4
ENS,ahr_2021,2021-07-12 00:00:00,2.25,46,51.95,75.4
ENS,ahr_2021,2021-07-12 00:00:00,2.25,47,28.55,75.4
ENS,ahr_2021,2021-07-12 00:00:00,2.25,48,9.72,75.4
ENS,ahr_2021,2021-07-12 00:00:00,2.25,49,41.7,75.4
ENS,ahr_2021,2021-07-12 00:00:00,2.25,50,30.35,75.4
ENS,vesdre_2021,2021-07-12 00:00:00,1.75,1,90.94,107.6
ENS,vesdre_2021,2021-07-12 00:00:00,1.75,2,38.63,107.6
ENS,vesdre_2021,2021-07-12 00:00:00,1.75,3,28.86,107.6
ENS,vesdre_2021,2021-07-12 00:00:00,1.75,4,43.07,107.6
ENS,vesdre_2021,2021-07-12 00:00:00,1.75,5,58.29,107.6
ENS,vesdre_2021,2021-07-12 00:00:00,1.75,6,41.09,107.6
ENS,vesdre_2021,2021-07-12 00:00:00,1.75,7,31.67,107.6
ENS,vesdre_2021,2021-07-12 00:00:00,1.75,8,39.92,107.6
ENS,vesdre_2021,2021-07-12 00:00:00,1.75,9,63.51,107.6
ENS,vesdre_2021,2021-07-12 00:00:00,1.75,10,45.77,107.6
ENS,vesdre_2021,2021-07-12 00:00:00,1.75,11,76.97,107.6
ENS,vesdre_2021,2021-07-12 00:00:00,1.75,12,51.76,107.6
ENS,vesdre_2021,2021-07-12 00:00:00,1.75,13,30.66,107.6
ENS,vesdre_2021,2021-07-12 00:00:00,1.75,14,66.16,107.6
ENS,vesdre_2021,2021-07-12 00:00:00,1.75,15,41.72,107.6
ENS,vesdre_2021,2021-07-12 00:00:00,1.75,16,16.15,107.6
ENS,vesdre_2021,2021-07-12 00:00:00,1.75,17,27.47,107.6
ENS,vesdre_2021,2021-07-12 00:00:00,1.75,18,92.05,107.6
ENS,vesdre_2021,2021-07-12 00:00:00,1.75,19,14.62,107.6
ENS,vesdre_2021,2021-07-12 00:00:00,1.75,20,39.38,107.6
ENS,vesdre_2021,2021-07-12 00:00:00,1.75,21,42.5,107.6
ENS,vesdre_2021,2021-07-12 00:00:00,1.75,22,28.99,107.6
ENS,vesdre_2021,2021-07-12 00:00:00,1.75,23,64.47,107.6
ENS,vesdre_2021,2021-07-12 00:00:00,1.75,24,30.58,107.6
ENS,vesdre_2021,2021-07-12 00:00:00,1.75,25,32.13,107.6
ENS,vesdre_2021,2021-07-12 00:00:00,1.75,26,111.62,107.6
ENS,vesdre_2021,2021-07-12 00:00:00,1.75,27,55.86,107.6
ENS,vesdre_2021,2021-07-12 00:00:00,1.75,28,45.03,107.6
ENS,vesdre_2021,2021-07-12 00:00:00,1.75,29,14.36,107.6
ENS,vesdre_2021,2021-07-12 00:00:00,1.75,30,25.05,107.6
ENS,vesdre_2021,2021-07-12 00:00:00,1.75,31,45.93,107.6
ENS,vesdre_2021,2021-07-12 00:00:00,1.75,32,49.78,107.6
ENS,vesdre_2021,2021-07-12 00:00:00,1.75,33,39.86,107.6
ENS,vesdre_2021,2021-07-12 00:00:00,1.75,34,49.21,107.6
ENS,vesdre_2021,2021-07-12 00:00:00,1.75,35,20.37,107.6
ENS,vesdre_2021,2021-07-12 00:00:00,1.75,36,61.31,107.6
ENS,vesdre_2021,2021-07-12 00:00:00,1.75,37,68.63,107.6
ENS,vesdre_2021,2021-07-12 00:00:00,1.75,38,5.89,107.6
ENS,vesdre_2021,2021-07-12 00:00:00,1.75,39,42.62,107.6
ENS,vesdre_2021,2021-07-12 00:00:00,1.75,40,64.26,107.6
ENS,vesdre_2021,2021-07-12 00:00:00,1.75,41,79.22,107.6
ENS,vesdre_2021,2021-07-12 00:00:00,1.75,42,66.43,107.6
ENS,vesdre_2021,2021-07-12 00:00:00,1.75,43,47.98,107.6
ENS,vesdre_2021,2021-07-12 00:00:00,1.75,44,43.82,107.6
ENS,vesdre_2021,2021-07-12 00:00:00,1.75,45,85.53,107.6
ENS,vesdre_2021,2021-07-12 00:00:00,1.75,46,29.4,107.6
ENS,vesdre_2021,2021-07-12 00:00:00,1.75,47,63.76,107.6
ENS,vesdre_2021,2021-07-12 00:00:00,1.75,48,61.02,107.6
ENS,vesdre_2021,2021-07-12 00:00:00,1.75,49,42.22,107.6
ENS,vesdre_2021,2021-07-12 00:00:00,1.75,50,83.81,107.6
ENS,alzette_2021,2021-07-12 12:00:00,1.75,1,19.52,74.5
ENS,alzette_2021,2021-07-12 12:00:00,1.75,2,9.62,74.5
ENS,alzette_2021,2021-07-12 12:00:00,1.75,3,9.24,74.5
ENS,alzette_2021,2021-07-12 12:00:00,1.75,4,7.47,74.5
ENS,alzette_2021,2021-07-12 12:00:00,1.75,5,21.86,74.5
ENS,alzette_2021,2021-07-12 12:00:00,1.75,6,17.76,74.5
ENS,alzette_2021,2021-07-12 12:00:00,1.75,7,33.18,74.5
ENS,alzette_2021,2021-07-12 12:00:00,1.75,8,27.3,74.5
ENS,alzette_2021,2021-07-12 12:00:00,1.75,9,17.68,74.5
ENS,alzette_2021,2021-07-12 12:00:00,1.75,10,20.69,74.5
ENS,alzette_2021,2021-07-12 12:00:00,1.75,11,24.6,74.5
ENS,alzette_2021,2021-07-12 12:00:00,1.75,12,30.81,74.5
ENS,alzette_2021,2021-07-12 12:00:00,1.75,13,21.77,74.5
ENS,alzette_2021,2021-07-12 12:00:00,1.75,14,25.07,74.5
ENS,alzette_2021,2021-07-12 12:00:00,1.75,15,28.19,74.5
ENS,alzette_2021,2021-07-12 12:00:00,1.75,16,16.72,74.5
ENS,alzette_2021,2021-07-12 12:00:00,1.75,17,0.72,74.5
ENS,alzette_2021,2021-07-12 12:00:00,1.75,18,33.03,74.5
ENS,alzette_2021,2021-07-12 12:00:00,1.75,19,24.99,74.5
ENS,alzette_2021,2021-07-12 12:00:00,1.75,20,15.25,74.5
ENS,alzette_2021,2021-07-12 12:00:00,1.75,21,14.28,74.5
ENS,alzette_2021,2021-07-12 12:00:00,1.75,22,38.93,74.5
ENS,alzette_2021,2021-07-12 12:00:00,1.75,23,49.45,74.5
ENS,alzette_2021,2021-07-12 12:00:00,1.75,24,22.63,74.5
ENS,alzette_2021,2021-07-12 12:00:00,1.75,25,29.49,74.5
ENS,alzette_2021,2021-07-12 12:00:00,1.75,26,17.24,74.5
ENS,alzette_2021,2021-07-12 12:00:00,1.75,27,34.19,74.5
ENS,alzette_2021,2021-07-12 12:00:00,1.75,28,16.29,74.5
ENS,alzette_2021,2021-07-12 12:00:00,1.75,29,57.28,74.5
ENS,alzette_2021,2021-07-12 12:00:00,1.75,30,17.84,74.5
ENS,alzette_2021,2021-07-12 12:00:00,1.75,31,29.18,74.5
ENS,alzette_2021,2021-07-12 12:00:00,1.75,32,18.08,74.5
ENS,alzette_2021,2021-07-12 12:00:00,1.75,33,38.2,74.5
ENS,alzette_2021,2021-07-12 12:00:00,1.75,34,10.99,74.5
ENS,alzette_2021,2021-07-12 12:00:00,1.75,35,40.01,74.5
ENS,alzette_2021,2021-07-12 12:00:00,1.75,36,31.99,74.5
ENS,alzette_2021,2021-07-12 12:00:00,1.75,37,67.86,74.5
ENS,alzette_2021,2021-07-12 12:00:00,1.75,38,11.19,74.5
ENS,alzette_2021,2021-07-12 12:00:00,1.75,39,16.77,74.5
ENS,alzette_2021,2021-07-12 12:00:00,1.75,40,47.07,74.5
ENS,alzette_2021,2021-07-12 12:00:00,1.75,41,28.42,74.5
ENS,alzette_2021,2021-07-12 12:00:00,1.75,42,13.74,74.5
ENS,alzette_2021,2021-07-12 12:00:00,1.75,43,32.67,74.5
ENS,alzette_2021,2021-07-12 12:00:00,1.75,44,7.1,74.5
ENS,alzette_2021,2021-07-12 12:00:00,1.75,45,31.46,74.5
ENS,alzette_2021,2021-07-12 12:00:00,1.75,46,24.72,74.5
ENS,alzette_2021,2021-07-12 12:00:00,1.75,47,66.54,74.5
ENS,alzette_2021,2021-07-12 12:00:00,1.75,48,52.26,74.5
ENS,alzette_2021,2021-07-12 12:00:00,1.75,49,6.85,74.5
ENS,alzette_2021,2021-07-12 12:00:00,1.75,50,38.96,74.5
ENS,ahr_2021,2021-07-12 12:00:00,1.75,1,17.6,75.4
ENS,ahr_2021,2021-07-12 12:00:00,1.75,2,18.89,75.4
ENS,ahr_2021,2021-07-12 12:00:00,1.75,3,13.9,75.4
ENS,ahr_2021,2021-07-12 12:00:00,1.75,4,12.93,75.4
ENS,ahr_2021,2021-07-12 12:00:00,1.75,5,23.73,75.4
ENS,ahr_2021,2021-07-12 12:00:00,1.75,6,53.15,75.4
ENS,ahr_2021,2021-07-12 12:00:00,1.75,7,44.84,75.4
ENS,ahr_2021,2021-07-12 12:00:00,1.75,8,50.75,75.4
ENS,ahr_2021,2021-07-12 12:00:00,1.75,9,4.24,75.4
ENS,ahr_2021,2021-07-12 12:00:00,1.75,10,47.05,75.4
ENS,ahr_2021,2021-07-12 12:00:00,1.75,11,30.48,75.4
ENS,ahr_2021,2021-07-12 12:00:00,1.75,12,27.35,75.4
ENS,ahr_2021,2021-07-12 12:00:00,1.75,13,38.55,75.4
ENS,ahr_2021,2021-07-12 12:00:00,1.75,14,54.25,75.4
ENS,ahr_2021,2021-07-12 12:00:00,1.75,15,24.93,75.4
ENS,ahr_2021,2021-07-12 12:00:00,1.75,16,24.23,75.4
ENS,ahr_2021,2021-07-12 12:00:00,1.75,17,3.97,75.4
ENS,ahr_2021,2021-07-12 12:00:00,1.75,18,26.8,75.4
ENS,ahr_2021,2021-07-12 12:00:00,1.75,19,45.98,75.4
ENS,ahr_2021,2021-07-12 12:00:00,1.75,20,27.38,75.4
ENS,ahr_2021,2021-07-12 12:00:00,1.75,21,18.64,75.4
ENS,ahr_2021,2021-07-12 12:00:00,1.75,22,54.5,75.4
ENS,ahr_2021,2021-07-12 12:00:00,1.75,23,33.63,75.4
ENS,ahr_2021,2021-07-12 12:00:00,1.75,24,54.63,75.4
ENS,ahr_2021,2021-07-12 12:00:00,1.75,25,31.73,75.4
ENS,ahr_2021,2021-07-12 12:00:00,1.75,26,24.12,75.4
ENS,ahr_2021,2021-07-12 12:00:00,1.75,27,29.84,75.4
ENS,ahr_2021,2021-07-12 12:00:00,1.75,28,14.1,75.4
ENS,ahr_2021,2021-07-12 12:00:00,1.75,29,30.92,75.4
ENS,ahr_2021,2021-07-12 12:00:00,1.75,30,19.1,75.4
ENS,ahr_2021,2021-07-12 12:00:00,1.75,31,55.54,75.4
ENS,ahr_2021,2021-07-12 12:00:00,1.75,32,25.03,75.4
ENS,ahr_2021,2021-07-12 12:00:00,1.75,33,48.28,75.4
ENS,ahr_2021,2021-07-12 12:00:00,1.75,34,42.34,75.4
ENS,ahr_2021,2021-07-12 12:00:00,1.75,35,61.27,75.4
ENS,ahr_2021,2021-07-12 12:00:00,1.75,36,36.08,75.4
ENS,ahr_2021,2021-07-12 12:00:00,1.75,37,52.04,75.4
ENS,ahr_2021,2021-07-12 12:00:00,1.75,38,23.71,75.4
ENS,ahr_2021,2021-07-12 12:00:00,1.75,39,4.55,75.4
ENS,ahr_2021,2021-07-12 12:00:00,1.75,40,50.58,75.4
ENS,ahr_2021,2021-07-12 12:00:00,1.75,41,31.05,75.4
ENS,ahr_2021,2021-07-12 12:00:00,1.75,42,25.28,75.4
ENS,ahr_2021,2021-07-12 12:00:00,1.75,43,55.31,75.4
ENS,ahr_2021,2021-07-12 12:00:00,1.75,44,13.06,75.4
ENS,ahr_2021,2021-07-12 12:00:00,1.75,45,48.9,75.4
ENS,ahr_2021,2021-07-12 12:00:00,1.75,46,24.36,75.4
ENS,ahr_2021,2021-07-12 12:00:00,1.75,47,22.84,75.4
ENS,ahr_2021,2021-07-12 12:00:00,1.75,48,35.91,75.4
ENS,ahr_2021,2021-07-12 12:00:00,1.75,49,12.16,75.4
ENS,ahr_2021,2021-07-12 12:00:00,1.75,50,29.0,75.4
ENS,vesdre_2021,2021-07-12 12:00:00,1.25,1,30.54,107.6
ENS,vesdre_2021,2021-07-12 12:00:00,1.25,2,45.97,107.6
ENS,vesdre_2021,2021-07-12 12:00:00,1.25,3,39.41,107.6
ENS,vesdre_2021,2021-07-12 12:00:00,1.25,4,49.68,107.6
ENS,vesdre_2021,2021-07-12 12:00:00,1.25,5,57.95,107.6
ENS,vesdre_2021,2021-07-12 12:00:00,1.25,6,33.16,107.6
ENS,vesdre_2021,2021-07-12 12:00:00,1.25,7,57.65,107.6
ENS,vesdre_2021,2021-07-12 12:00:00,1.25,8,55.32,107.6
ENS,vesdre_2021,2021-07-12 12:00:00,1.25,9,60.38,107.6
ENS,vesdre_2021,2021-07-12 12:00:00,1.25,10,42.26,107.6
ENS,vesdre_2021,2021-07-12 12:00:00,1.25,11,42.59,107.6
ENS,vesdre_2021,2021-07-12 12:00:00,1.25,12,59.23,107.6
ENS,vesdre_2021,2021-07-12 12:00:00,1.25,13,51.35,107.6
ENS,vesdre_2021,2021-07-12 12:00:00,1.25,14,34.23,107.6
ENS,vesdre_2021,2021-07-12 12:00:00,1.25,15,25.79,107.6
ENS,vesdre_2021,2021-07-12 12:00:00,1.25,16,40.89,107.6
ENS,vesdre_2021,2021-07-12 12:00:00,1.25,17,21.08,107.6
ENS,vesdre_2021,2021-07-12 12:00:00,1.25,18,59.37,107.6
ENS,vesdre_2021,2021-07-12 12:00:00,1.25,19,48.19,107.6
ENS,vesdre_2021,2021-07-12 12:00:00,1.25,20,25.55,107.6
ENS,vesdre_2021,2021-07-12 12:00:00,1.25,21,34.66,107.6
ENS,vesdre_2021,2021-07-12 12:00:00,1.25,22,58.74,107.6
ENS,vesdre_2021,2021-07-12 12:00:00,1.25,23,33.52,107.6
ENS,vesdre_2021,2021-07-12 12:00:00,1.25,24,37.0,107.6
ENS,vesdre_2021,2021-07-12 12:00:00,1.25,25,65.32,107.6
ENS,vesdre_2021,2021-07-12 12:00:00,1.25,26,30.58,107.6
ENS,vesdre_2021,2021-07-12 12:00:00,1.25,27,50.09,107.6
ENS,vesdre_2021,2021-07-12 12:00:00,1.25,28,32.25,107.6
ENS,vesdre_2021,2021-07-12 12:00:00,1.25,29,58.37,107.6
ENS,vesdre_2021,2021-07-12 12:00:00,1.25,30,67.67,107.6
ENS,vesdre_2021,2021-07-12 12:00:00,1.25,31,45.06,107.6
ENS,vesdre_2021,2021-07-12 12:00:00,1.25,32,53.95,107.6
ENS,vesdre_2021,2021-07-12 12:00:00,1.25,33,76.93,107.6
ENS,vesdre_2021,2021-07-12 12:00:00,1.25,34,37.2,107.6
ENS,vesdre_2021,2021-07-12 12:00:00,1.25,35,70.54,107.6
ENS,vesdre_2021,2021-07-12 12:00:00,1.25,36,40.68,107.6
ENS,vesdre_2021,2021-07-12 12:00:00,1.25,37,50.07,107.6
ENS,vesdre_2021,2021-07-12 12:00:00,1.25,38,33.41,107.6
ENS,vesdre_2021,2021-07-12 12:00:00,1.25,39,53.8,107.6
ENS,vesdre_2021,2021-07-12 12:00:00,1.25,40,64.26,107.6
ENS,vesdre_2021,2021-07-12 12:00:00,1.25,41,27.12,107.6
ENS,vesdre_2021,2021-07-12 12:00:00,1.25,42,14.2,107.6
ENS,vesdre_2021,2021-07-12 12:00:00,1.25,43,29.02,107.6
ENS,vesdre_2021,2021-07-12 12:00:00,1.25,44,17.83,107.6
ENS,vesdre_2021,2021-07-12 12:00:00,1.25,45,57.03,107.6
ENS,vesdre_2021,2021-07-12 12:00:00,1.25,46,43.58,107.6
ENS,vesdre_2021,2021-07-12 12:00:00,1.25,47,66.2,107.6
ENS,vesdre_2021,2021-07-12 12:00:00,1.25,48,62.61,107.6
ENS,vesdre_2021,2021-07-12 12:00:00,1.25,49,41.04,107.6
ENS,vesdre_2021,2021-07-12 12:00:00,1.25,50,64.41,107.6
ENS,alzette_2021,2021-07-13 00:00:00,1.25,1,19.32,74.5
ENS,alzette_2021,2021-07-13 00:00:00,1.25,2,38.15,74.5
ENS,alzette_2021,2021-07-13 00:00:00,1.25,3,57.29,74.5
ENS,alzette_2021,2021-07-13 00:00:00,1.25,4,45.71,74.5
ENS,alzette_2021,2021-07-13 00:00:00,1.25,5,31.91,74.5
ENS,alzette_2021,2021-07-13 00:00:00,1.25,6,25.25,74.5
ENS,alzette_2021,2021-07-13 00:00:00,1.25,7,14.01,74.5
ENS,alzette_2021,2021-07-13 00:00:00,1.25,8,34.19,74.5
ENS,alzette_2021,2021-07-13 00:00:00,1.25,9,70.18,74.5
ENS,alzette_2021,2021-07-13 00:00:00,1.25,10,48.45,74.5
ENS,alzette_2021,2021-07-13 00:00:00,1.25,11,49.97,74.5
ENS,alzette_2021,2021-07-13 00:00:00,1.25,12,52.82,74.5
ENS,alzette_2021,2021-07-13 00:00:00,1.25,13,24.65,74.5
ENS,alzette_2021,2021-07-13 00:00:00,1.25,14,29.39,74.5
ENS,alzette_2021,2021-07-13 00:00:00,1.25,15,49.49,74.5
ENS,alzette_2021,2021-07-13 00:00:00,1.25,16,67.34,74.5
ENS,alzette_2021,2021-07-13 00:00:00,1.25,17,38.04,74.5
ENS,alzette_2021,2021-07-13 00:00:00,1.25,18,64.56,74.5
ENS,alzette_2021,2021-07-13 00:00:00,1.25,19,49.42,74.5
ENS,alzette_2021,2021-07-13 00:00:00,1.25,20,29.52,74.5
ENS,alzette_2021,2021-07-13 00:00:00,1.25,21,31.4,74.5
ENS,alzette_2021,2021-07-13 00:00:00,1.25,22,23.23,74.5
ENS,alzette_2021,2021-07-13 00:00:00,1.25,23,31.77,74.5
ENS,alzette_2021,2021-07-13 00:00:00,1.25,24,26.94,74.5
ENS,alzette_2021,2021-07-13 00:00:00,1.25,25,18.15,74.5
ENS,alzette_2021,2021-07-13 00:00:00,1.25,26,29.51,74.5
ENS,alzette_2021,2021-07-13 00:00:00,1.25,27,27.26,74.5
ENS,alzette_2021,2021-07-13 00:00:00,1.25,28,36.62,74.5
ENS,alzette_2021,2021-07-13 00:00:00,1.25,29,46.98,74.5
ENS,alzette_2021,2021-07-13 00:00:00,1.25,30,25.42,74.5
ENS,alzette_2021,2021-07-13 00:00:00,1.25,31,45.94,74.5
ENS,alzette_2021,2021-07-13 00:00:00,1.25,32,36.48,74.5
ENS,alzette_2021,2021-07-13 00:00:00,1.25,33,41.36,74.5
ENS,alzette_2021,2021-07-13 00:00:00,1.25,34,51.33,74.5
ENS,alzette_2021,2021-07-13 00:00:00,1.25,35,22.41,74.5
ENS,alzette_2021,2021-07-13 00:00:00,1.25,36,35.78,74.5
ENS,alzette_2021,2021-07-13 00:00:00,1.25,37,55.25,74.5
ENS,alzette_2021,2021-07-13 00:00:00,1.25,38,21.41,74.5
ENS,alzette_2021,2021-07-13 00:00:00,1.25,39,26.06,74.5
ENS,alzette_2021,2021-07-13 00:00:00,1.25,40,41.48,74.5
ENS,alzette_2021,2021-07-13 00:00:00,1.25,41,48.89,74.5
ENS,alzette_2021,2021-07-13 00:00:00,1.25,42,31.71,74.5
ENS,alzette_2021,2021-07-13 00:00:00,1.25,43,38.23,74.5
ENS,alzette_2021,2021-07-13 00:00:00,1.25,44,26.7,74.5
ENS,alzette_2021,2021-07-13 00:00:00,1.25,45,64.45,74.5
ENS,alzette_2021,2021-07-13 00:00:00,1.25,46,35.58,74.5
ENS,alzette_2021,2021-07-13 00:00:00,1.25,47,50.04,74.5
ENS,alzette_2021,2021-07-13 00:00:00,1.25,48,21.37,74.5
ENS,alzette_2021,2021-07-13 00:00:00,1.25,49,20.56,74.5
ENS,alzette_2021,2021-07-13 00:00:00,1.25,50,33.45,74.5
ENS,ahr_2021,2021-07-13 00:00:00,1.25,1,19.81,75.4
ENS,ahr_2021,2021-07-13 00:00:00,1.25,2,53.4,75.4
ENS,ahr_2021,2021-07-13 00:00:00,1.25,3,57.42,75.4
ENS,ahr_2021,2021-07-13 00:00:00,1.25,4,36.73,75.4
ENS,ahr_2021,2021-07-13 00:00:00,1.25,5,49.2,75.4
ENS,ahr_2021,2021-07-13 00:00:00,1.25,6,62.1,75.4
ENS,ahr_2021,2021-07-13 00:00:00,1.25,7,14.33,75.4
ENS,ahr_2021,2021-07-13 00:00:00,1.25,8,69.39,75.4
ENS,ahr_2021,2021-07-13 00:00:00,1.25,9,48.33,75.4
ENS,ahr_2021,2021-07-13 00:00:00,1.25,10,55.08,75.4
ENS,ahr_2021,2021-07-13 00:00:00,1.25,11,53.25,75.4
ENS,ahr_2021,2021-07-13 00:00:00,1.25,12,29.63,75.4
ENS,ahr_2021,2021-07-13 00:00:00,1.25,13,67.23,75.4
ENS,ahr_2021,2021-07-13 00:00:00,1.25,14,58.43,75.4
ENS,ahr_2021,2021-07-13 00:00:00,1.25,15,73.65,75.4
ENS,ahr_2021,2021-07-13 00:00:00,1.25,16,68.98,75.4
ENS,ahr_2021,2021-07-13 00:00:00,1.25,17,26.15,75.4
ENS,ahr_2021,2021-07-13 00:00:00,1.25,18,56.84,75.4
ENS,ahr_2021,2021-07-13 00:00:00,1.25,19,41.57,75.4
ENS,ahr_2021,2021-07-13 00:00:00,1.25,20,47.35,75.4
ENS,ahr_2021,2021-07-13 00:00:00,1.25,21,37.16,75.4
ENS,ahr_2021,2021-07-13 00:00:00,1.25,22,35.64,75.4
ENS,ahr_2021,2021-07-13 00:00:00,1.25,23,6.13,75.4
ENS,ahr_2021,2021-07-13 00:00:00,1.25,24,64.13,75.4
ENS,ahr_2021,2021-07-13 00:00:00,1.25,25,28.81,75.4
ENS,ahr_2021,2021-07-13 00:00:00,1.25,26,74.16,75.4
ENS,ahr_2021,2021-07-13 00:00:00,1.25,27,59.73,75.4
ENS,ahr_2021,2021-07-13 00:00:00,1.25,28,39.23,75.4
ENS,ahr_2021,2021-07-13 00:00:00,1.25,29,37.7,75.4
ENS,ahr_2021,2021-07-13 00:00:00,1.25,30,37.34,75.4
ENS,ahr_2021,2021-07-13 00:00:00,1.25,31,38.65,75.4
ENS,ahr_2021,2021-07-13 00:00:00,1.25,32,66.84,75.4
ENS,ahr_2021,2021-07-13 00:00:00,1.25,33,55.26,75.4
ENS,ahr_2021,2021-07-13 00:00:00,1.25,34,46.03,75.4
ENS,ahr_2021,2021-07-13 00:00:00,1.25,35,17.48,75.4
ENS,ahr_2021,2021-07-13 00:00:00,1.25,36,42.72,75.4
ENS,ahr_2021,2021-07-13 00:00:00,1.25,37,62.61,75.4
ENS,ahr_2021,2021-07-13 00:00:00,1.25,38,25.89,75.4
ENS,ahr_2021,2021-07-13 00:00:00,1.25,39,42.46,75.4
ENS,ahr_2021,2021-07-13 00:00:00,1.25,40,40.36,75.4
ENS,ahr_2021,2021-07-13 00:00:00,1.25,41,66.21,75.4
ENS,ahr_2021,2021-07-13 00:00:00,1.25,42,28.06,75.4
ENS,ahr_2021,2021-07-13 00:00:00,1.25,43,29.9,75.4
ENS,ahr_2021,2021-07-13 00:00:00,1.25,44,33.11,75.4
ENS,ahr_2021,2021-07-13 00:00:00,1.25,45,38.84,75.4
ENS,ahr_2021,2021-07-13 00:00:00,1.25,46,40.35,75.4
ENS,ahr_2021,2021-07-13 00:00:00,1.25,47,55.54,75.4
ENS,ahr_2021,2021-07-13 00:00:00,1.25,48,34.05,75.4
ENS,ahr_2021,2021-07-13 00:00:00,1.25,49,33.09,75.4
ENS,ahr_2021,2021-07-13 00:00:00,1.25,50,48.07,75.4
ENS,vesdre_2021,2021-07-13 00:00:00,0.75,1,32.41,107.6
ENS,vesdre_2021,2021-07-13 00:00:00,0.75,2,49.17,107.6
ENS,vesdre_2021,2021-07-13 00:00:00,0.75,3,60.82,107.6
ENS,vesdre_2021,2021-07-13 00:00:00,0.75,4,74.6,107.6
ENS,vesdre_2021,2021-07-13 00:00:00,0.75,5,65.51,107.6
ENS,vesdre_2021,2021-07-13 00:00:00,0.75,6,45.69,107.6
ENS,vesdre_2021,2021-07-13 00:00:00,0.75,7,45.73,107.6
ENS,vesdre_2021,2021-07-13 00:00:00,0.75,8,46.99,107.6
ENS,vesdre_2021,2021-07-13 00:00:00,0.75,9,71.07,107.6
ENS,vesdre_2021,2021-07-13 00:00:00,0.75,10,95.08,107.6
ENS,vesdre_2021,2021-07-13 00:00:00,0.75,11,67.04,107.6
ENS,vesdre_2021,2021-07-13 00:00:00,0.75,12,90.57,107.6
ENS,vesdre_2021,2021-07-13 00:00:00,0.75,13,33.86,107.6
ENS,vesdre_2021,2021-07-13 00:00:00,0.75,14,36.5,107.6
ENS,vesdre_2021,2021-07-13 00:00:00,0.75,15,67.6,107.6
ENS,vesdre_2021,2021-07-13 00:00:00,0.75,16,67.68,107.6
ENS,vesdre_2021,2021-07-13 00:00:00,0.75,17,79.11,107.6
ENS,vesdre_2021,2021-07-13 00:00:00,0.75,18,54.2,107.6
ENS,vesdre_2021,2021-07-13 00:00:00,0.75,19,76.49,107.6
ENS,vesdre_2021,2021-07-13 00:00:00,0.75,20,42.96,107.6
ENS,vesdre_2021,2021-07-13 00:00:00,0.75,21,49.8,107.6
ENS,vesdre_2021,2021-07-13 00:00:00,0.75,22,52.59,107.6
ENS,vesdre_2021,2021-07-13 00:00:00,0.75,23,62.77,107.6
ENS,vesdre_2021,2021-07-13 00:00:00,0.75,24,28.45,107.6
ENS,vesdre_2021,2021-07-13 00:00:00,0.75,25,33.24,107.6
ENS,vesdre_2021,2021-07-13 00:00:00,0.75,26,39.02,107.6
ENS,vesdre_2021,2021-07-13 00:00:00,0.75,27,57.46,107.6
ENS,vesdre_2021,2021-07-13 00:00:00,0.75,28,76.35,107.6
ENS,vesdre_2021,2021-07-13 00:00:00,0.75,29,64.51,107.6
ENS,vesdre_2021,2021-07-13 00:00:00,0.75,30,29.7,107.6
ENS,vesdre_2021,2021-07-13 00:00:00,0.75,31,83.66,107.6
ENS,vesdre_2021,2021-07-13 00:00:00,0.75,32,58.39,107.6
ENS,vesdre_2021,2021-07-13 00:00:00,0.75,33,53.03,107.6
ENS,vesdre_2021,2021-07-13 00:00:00,0.75,34,65.59,107.6
ENS,vesdre_2021,2021-07-13 00:00:00,0.75,35,28.09,107.6
ENS,vesdre_2021,2021-07-13 00:00:00,0.75,36,45.55,107.6
ENS,vesdre_2021,2021-07-13 00:00:00,0.75,37,77.75,107.6
ENS,vesdre_2021,2021-07-13 00:00:00,0.75,38,20.91,107.6
ENS,vesdre_2021,2021-07-13 00:00:00,0.75,39,62.45,107.6
ENS,vesdre_2021,2021-07-13 00:00:00,0.75,40,43.36,107.6
ENS,vesdre_2021,2021-07-13 00:00:00,0.75,41,60.07,107.6
ENS,vesdre_2021,2021-07-13 00:00:00,0.75,42,67.11,107.6
ENS,vesdre_2021,2021-07-13 00:00:00,0.75,43,45.94,107.6
ENS,vesdre_2021,2021-07-13 00:00:00,0.75,44,38.16,107.6
ENS,vesdre_2021,2021-07-13 00:00:00,0.75,45,77.44,107.6
ENS,vesdre_2021,2021-07-13 00:00:00,0.75,46,48.47,107.6
ENS,vesdre_2021,2021-07-13 00:00:00,0.75,47,68.3,107.6
ENS,vesdre_2021,2021-07-13 00:00:00,0.75,48,26.57,107.6
ENS,vesdre_2021,2021-07-13 00:00:00,0.75,49,34.14,107.6
ENS,vesdre_2021,2021-07-13 00:00:00,0.75,50,90.36,107.6
ENS,alzette_2021,2021-07-13 12:00:00,0.75,1,35.36,74.5
ENS,alzette_2021,2021-07-13 12:00:00,0.75,2,31.41,74.5
ENS,alzette_2021,2021-07-13 12:00:00,0.75,3,65.7,74.5
ENS,alzette_2021,2021-07-13 12:00:00,0.75,4,30.82,74.5
ENS,alzette_2021,2021-07-13 12:00:00,0.75,5,48.52,74.5
ENS,alzette_2021,2021-07-13 12:00:00,0.75,6,50.28,74.5
ENS,alzette_2021,2021-07-13 12:00:00,0.75,7,57.02,74.5
ENS,alzette_2021,2021-07-13 12:00:00,0.75,8,51.74,74.5
ENS,alzette_2021,2021-07-13 12:00:00,0.75,9,28.08,74.5
ENS,alzette_2021,2021-07-13 12:00:00,0.75,10,20.55,74.5
ENS,alzette_2021,2021-07-13 12:00:00,0.75,11,18.09,74.5
ENS,alzette_2021,2021-07-13 12:00:00,0.75,12,24.98,74.5
ENS,alzette_2021,2021-07-13 12:00:00,0.75,13,62.77,74.5
ENS,alzette_2021,2021-07-13 12:00:00,0.75,14,56.12,74.5
ENS,alzette_2021,2021-07-13 12:00:00,0.75,15,32.48,74.5
ENS,alzette_2021,2021-07-13 12:00:00,0.75,16,35.63,74.5
ENS,alzette_2021,2021-07-13 12:00:00,0.75,17,69.07,74.5
ENS,alzette_2021,2021-07-13 12:00:00,0.75,18,36.85,74.5
ENS,alzette_2021,2021-07-13 12:00:00,0.75,19,53.01,74.5
ENS,alzette_2021,2021-07-13 12:00:00,0.75,20,31.0,74.5
ENS,alzette_2021,2021-07-13 12:00:00,0.75,21,59.73,74.5
ENS,alzette_2021,2021-07-13 12:00:00,0.75,22,26.65,74.5
ENS,alzette_2021,2021-07-13 12:00:00,0.75,23,62.4,74.5
ENS,alzette_2021,2021-07-13 12:00:00,0.75,24,33.11,74.5
ENS,alzette_2021,2021-07-13 12:00:00,0.75,25,29.03,74.5
ENS,alzette_2021,2021-07-13 12:00:00,0.75,26,25.08,74.5
ENS,alzette_2021,2021-07-13 12:00:00,0.75,27,27.53,74.5
ENS,alzette_2021,2021-07-13 12:00:00,0.75,28,44.74,74.5
ENS,alzette_2021,2021-07-13 12:00:00,0.75,29,26.15,74.5
ENS,alzette_2021,2021-07-13 12:00:00,0.75,30,27.48,74.5
ENS,alzette_2021,2021-07-13 12:00:00,0.75,31,63.91,74.5
ENS,alzette_2021,2021-07-13 12:00:00,0.75,32,33.35,74.5
ENS,alzette_2021,2021-07-13 12:00:00,0.75,33,35.88,74.5
ENS,alzette_2021,2021-07-13 12:00:00,0.75,34,46.1,74.5
ENS,alzette_2021,2021-07-13 12:00:00,0.75,35,47.44,74.5
ENS,alzette_2021,2021-07-13 12:00:00,0.75,36,40.38,74.5
ENS,alzette_2021,2021-07-13 12:00:00,0.75,37,61.23,74.5
ENS,alzette_2021,2021-07-13 12:00:00,0.75,38,30.13,74.5
ENS,alzette_2021,2021-07-13 12:00:00,0.75,39,20.86,74.5
ENS,alzette_2021,2021-07-13 12:00:00,0.75,40,40.35,74.5
ENS,alzette_2021,2021-07-13 12:00:00,0.75,41,72.93,74.5
ENS,alzette_2021,2021-07-13 12:00:00,0.75,42,35.98,74.5
ENS,alzette_2021,2021-07-13 12:00:00,0.75,43,42.98,74.5
ENS,alzette_2021,2021-07-13 12:00:00,0.75,44,44.18,74.5
ENS,alzette_2021,2021-07-13 12:00:00,0.75,45,43.16,74.5
ENS,alzette_2021,2021-07-13 12:00:00,0.75,46,23.37,74.5
ENS,alzette_2021,2021-07-13 12:00:00,0.75,47,48.39,74.5
ENS,alzette_2021,2021-07-13 12:00:00,0.75,48,22.06,74.5
ENS,alzette_2021,2021-07-13 12:00:00,0.75,49,46.13,74.5
ENS,alzette_2021,2021-07-13 12:00:00,0.75,50,34.89,74.5
ENS,ahr_2021,2021-07-13 12:00:00,0.75,1,57.73,75.4
ENS,ahr_2021,2021-07-13 12:00:00,0.75,2,47.95,75.4
ENS,ahr_2021,2021-07-13 12:00:00,0.75,3,26.07,75.4
ENS,ahr_2021,2021-07-13 12:00:00,0.75,4,51.29,75.4
ENS,ahr_2021,2021-07-13 12:00:00,0.75,5,73.68,75.4
ENS,ahr_2021,2021-07-13 12:00:00,0.75,6,42.83,75.4
ENS,ahr_2021,2021-07-13 12:00:00,0.75,7,56.64,75.4
ENS,ahr_2021,2021-07-13 12:00:00,0.75,8,13.07,75.4
ENS,ahr_2021,2021-07-13 12:00:00,0.75,9,43.76,75.4
ENS,ahr_2021,2021-07-13 12:00:00,0.75,10,29.96,75.4
ENS,ahr_2021,2021-07-13 12:00:00,0.75,11,33.19,75.4
ENS,ahr_2021,2021-07-13 12:00:00,0.75,12,36.02,75.4
ENS,ahr_2021,2021-07-13 12:00:00,0.75,13,59.16,75.4
ENS,ahr_2021,2021-07-13 12:00:00,0.75,14,53.05,75.4
ENS,ahr_2021,2021-07-13 12:00:00,0.75,15,44.83,75.4
ENS,ahr_2021,2021-07-13 12:00:00,0.75,16,50.61,75.4
ENS,ahr_2021,2021-07-13 12:00:00,0.75,17,75.17,75.4
ENS,ahr_2021,2021-07-13 12:00:00,0.75,18,59.94,75.4
ENS,ahr_2021,2021-07-13 12:00:00,0.75,19,68.75,75.4
ENS,ahr_2021,2021-07-13 12:00:00,0.75,20,56.25,75.4
ENS,ahr_2021,2021-07-13 12:00:00,0.75,21,75.7,75.4
ENS,ahr_2021,2021-07-13 12:00:00,0.75,22,79.77,75.4
ENS,ahr_2021,2021-07-13 12:00:00,0.75,23,12.3,75.4
ENS,ahr_2021,2021-07-13 12:00:00,0.75,24,77.59,75.4
ENS,ahr_2021,2021-07-13 12:00:00,0.75,25,63.2,75.4
ENS,ahr_2021,2021-07-13 12:00:00,0.75,26,29.93,75.4
ENS,ahr_2021,2021-07-13 12:00:00,0.75,27,43.57,75.4
ENS,ahr_2021,2021-07-13 12:00:00,0.75,28,72.16,75.4
ENS,ahr_2021,2021-07-13 12:00:00,0.75,29,61.38,75.4
ENS,ahr_2021,2021-07-13 12:00:00,0.75,30,29.84,75.4
ENS,ahr_2021,2021-07-13 12:00:00,0.75,31,52.99,75.4
ENS,ahr_2021,2021-07-13 12:00:00,0.75,32,43.18,75.4
ENS,ahr_2021,2021-07-13 12:00:00,0.75,33,62.36,75.4
ENS,ahr_2021,2021-07-13 12:00:00,0.75,34,59.78,75.4
ENS,ahr_2021,2021-07-13 12:00:00,0.75,35,51.93,75.4
ENS,ahr_2021,2021-07-13 12:00:00,0.75,36,46.81,75.4
ENS,ahr_2021,2021-07-13 12:00:00,0.75,37,35.48,75.4
ENS,ahr_2021,2021-07-13 12:00:00,0.75,38,30.44,75.4
ENS,ahr_2021,2021-07-13 12:00:00,0.75,39,23.91,75.4
ENS,ahr_2021,2021-07-13 12:00:00,0.75,40,32.73,75.4
ENS,ahr_2021,2021-07-13 12:00:00,0.75,41,82.56,75.4
ENS,ahr_2021,2021-07-13 12:00:00,0.75,42,6.65,75.4
ENS,ahr_2021,2021-07-13 12:00:00,0.75,43,29.72,75.4
ENS,ahr_2021,2021-07-13 12:00:00,0.75,44,32.23,75.4
ENS,ahr_2021,2021-07-13 12:00:00,0.75,45,64.52,75.4
ENS,ahr_2021,2021-07-13 12:00:00,0.75,46,41.69,75.4
ENS,ahr_2021,2021-07-13 12:00:00,0.75,47,49.39,75.4
ENS,ahr_2021,2021-07-13 12:00:00,0.75,48,28.04,75.4
ENS,ahr_2021,2021-07-13 12:00:00,0.75,49,57.63,75.4
ENS,ahr_2021,2021-07-13 12:00:00,0.75,50,65.82,75.4
ENS,vesdre_2021,2021-07-13 12:00:00,0.25,1,70.2,107.6
ENS,vesdre_2021,2021-07-13 12:00:00,0.25,2,60.13,107.6
ENS,vesdre_2021,2021-07-13 12:00:00,0.25,3,77.72,107.6
ENS,vesdre_2021,2021-07-13 12:00:00,0.25,4,59.58,107.6
ENS,vesdre_2021,2021-07-13 12:00:00,0.25,5,72.3,107.6
ENS,vesdre_2021,2021-07-13 12:00:00,0.25,6,39.88,107.6
ENS,vesdre_2021,2021-07-13 12:00:00,0.25,7,57.15,107.6
ENS,vesdre_2021,2021-07-13 12:00:00,0.25,8,91.25,107.6
ENS,vesdre_2021,2021-07-13 12:00:00,0.25,9,78.2,107.6
ENS,vesdre_2021,2021-07-13 12:00:00,0.25,10,60.76,107.6
ENS,vesdre_2021,2021-07-13 12:00:00,0.25,11,46.38,107.6
ENS,vesdre_2021,2021-07-13 12:00:00,0.25,12,31.42,107.6
ENS,vesdre_2021,2021-07-13 12:00:00,0.25,13,45.39,107.6
ENS,vesdre_2021,2021-07-13 12:00:00,0.25,14,50.27,107.6
ENS,vesdre_2021,2021-07-13 12:00:00,0.25,15,62.88,107.6
ENS,vesdre_2021,2021-07-13 12:00:00,0.25,16,54.75,107.6
ENS,vesdre_2021,2021-07-13 12:00:00,0.25,17,56.36,107.6
ENS,vesdre_2021,2021-07-13 12:00:00,0.25,18,56.52,107.6
ENS,vesdre_2021,2021-07-13 12:00:00,0.25,19,68.55,107.6
ENS,vesdre_2021,2021-07-13 12:00:00,0.25,20,53.17,107.6
ENS,vesdre_2021,2021-07-13 12:00:00,0.25,21,73.94,107.6
ENS,vesdre_2021,2021-07-13 12:00:00,0.25,22,35.94,107.6
ENS,vesdre_2021,2021-07-13 12:00:00,0.25,23,117.74,107.6
ENS,vesdre_2021,2021-07-13 12:00:00,0.25,24,34.01,107.6
ENS,vesdre_2021,2021-07-13 12:00:00,0.25,25,68.14,107.6
ENS,vesdre_2021,2021-07-13 12:00:00,0.25,26,68.87,107.6
ENS,vesdre_2021,2021-07-13 12:00:00,0.25,27,43.41,107.6
ENS,vesdre_2021,2021-07-13 12:00:00,0.25,28,52.11,107.6
ENS,vesdre_2021,2021-07-13 12:00:00,0.25,29,49.02,107.6
ENS,vesdre_2021,2021-07-13 12:00:00,0.25,30,41.6,107.6
ENS,vesdre_2021,2021-07-13 12:00:00,0.25,31,54.04,107.6
ENS,vesdre_2021,2021-07-13 12:00:00,0.25,32,65.2,107.6
ENS,vesdre_2021,2021-07-13 12:00:00,0.25,33,67.33,107.6
ENS,vesdre_2021,2021-07-13 12:00:00,0.25,34,98.21,107.6
ENS,vesdre_2021,2021-07-13 12:00:00,0.25,35,66.42,107.6
ENS,vesdre_2021,2021-07-13 12:00:00,0.25,36,76.27,107.6
ENS,vesdre_2021,2021-07-13 12:00:00,0.25,37,77.4,107.6
ENS,vesdre_2021,2021-07-13 12:00:00,0.25,38,54.69,107.6
ENS,vesdre_2021,2021-07-13 12:00:00,0.25,39,38.05,107.6
ENS,vesdre_2021,2021-07-13 12:00:00,0.25,40,75.12,107.6
ENS,vesdre_2021,2021-07-13 12:00:00,0.25,41,83.67,107.6
ENS,vesdre_2021,2021-07-13 12:00:00,0.25,42,84.54,107.6
ENS,vesdre_2021,2021-07-13 12:00:00,0.25,43,51.57,107.6
ENS,vesdre_2021,2021-07-13 12:00:00,0.25,44,59.73,107.6
ENS,vesdre_2021,2021-07-13 12:00:00,0.25,45,56.4,107.6
ENS,vesdre_2021,2021-07-13 12:00:00,0.25,46,50.54,107.6
ENS,vesdre_2021,2021-07-13 12:00:00,0.25,47,55.19,107.6
ENS,vesdre_2021,2021-07-13 12:00:00,0.25,48,61.87,107.6
ENS,vesdre_2021,2021-07-13 12:00:00,0.25,49,70.37,107.6
ENS,vesdre_2021,2021-07-13 12:00:00,0.25,50,54.47,107.6
